salesorderlineid,salesorderid_fk,productid_fk,quantityordered,unitprice,linetotalamount,linestatus
19,SO-20241128143412-429,ASSY01_FPC_SL_PI18,221,7.80,1723.80,Partially_Shipped
60,SO-20241207163159-489,ASSY02_FPC_ML4_MPI12,9524,25.50,242862.00,Partially_Shipped
18,SO-20241128143412-429,FPC_DL_PI35,373,5.75,2144.75,Partially_Shipped
22,SO-20241129112628-388,FPC_SL_PI18,394,2.50,985.00,Partially_Shipped
24,SO-20241130153420-616,FPC_SL_PI18,4552,2.50,11380.00,Partially_Shipped
41,SO-20241204105208-275,FPC_SL_LCP9_HF,4989,8.90,44402.10,Partially_Shipped
29,SO-20241201155015-913,FPC_DL_PI35,493,5.75,2834.75,Partially_Shipped
4,SO-20241126114902-243,FPC_DL_PI35,99,5.75,569.25,Partially_Shipped
25,SO-20241130145834-244,FPC_ML4_MPI12,107,15.20,1626.40,Partially_Shipped
5,SO-20241126114902-243,FPC_SL_LCP9_HF,3324,8.90,29583.60,Partially_Shipped
26,SO-20241130145834-244,MODULE_SENSOR_A,3616,45.00,162720.00,Partially_Shipped
54,SO-20241206122022-574,FPC_SL_PI18,320,2.50,800.00,Partially_Shipped
1,SO-20241125145316-176,FPC_ML4_MPI12,157,15.20,2386.40,Partially_Shipped
2,SO-20241125150327-823,ASSY02_FPC_ML4_MPI12,8796,25.50,224298.00,Partially_Shipped
30,SO-20241201155015-913,FPC_DL_PI35,4210,5.75,24207.50,Partially_Shipped
52,SO-20241206122022-574,MODULE_SENSOR_A,7768,45.00,349560.00,Partially_Shipped
9,SO-20241126112335-814,FPC_SL_LCP9_HF,450,8.90,4005.00,Partially_Shipped
12,SO-20241126125829-505,FPC_SL_LCP9_HF,201,8.90,1788.90,Partially_Shipped
53,SO-20241206122022-574,FPC_ML4_MPI12,487,15.20,7402.40,Partially_Shipped
48,SO-20241205102031-364,FPC_ML4_MPI12,4130,15.20,62776.00,Partially_Shipped
69,SO-20241208105202-354,FPC_SL_LCP9_HF,369,8.90,3284.10,Partially_Shipped
3,SO-20241125150327-823,FPC_DL_PI35,184,5.75,1058.00,Partially_Shipped
10,SO-20241126112335-814,ASSY01_FPC_SL_PI18,170,7.80,1326.00,Partially_Shipped
14,SO-20241127154349-281,ASSY01_FPC_SL_PI18,7599,7.80,59272.20,Partially_Shipped
15,SO-20241127134455-552,FPC_DL_PI35,395,5.75,2271.25,Partially_Shipped
35,SO-20241203131021-460,FPC_DL_PI35,266,5.75,1529.50,Partially_Shipped
33,SO-20241203131021-460,FPC_SL_PI18,137,2.50,342.50,Partially_Shipped
38,SO-20241204104022-298,FPC_SL_PI18,326,2.50,815.00,Partially_Shipped
65,SO-20241208095041-824,ASSY01_FPC_SL_PI18,7690,7.80,59982.00,Partially_Shipped
8,SO-20241126112335-814,FPC_SL_PI18,351,2.50,877.50,Partially_Shipped
16,SO-20241128130218-312,FPC_ML4_MPI12,287,15.20,4362.40,Partially_Shipped
59,SO-20241207163159-489,FPC_DL_PI35,391,5.75,2248.25,Partially_Shipped
44,SO-20241204125509-167,FPC_DL_PI35,423,5.75,2432.25,Partially_Shipped
34,SO-20241203131021-460,MODULE_SENSOR_A,88,45.00,3960.00,Partially_Shipped
68,SO-20241208145802-850,ASSY01_FPC_SL_PI18,236,7.80,1840.80,Partially_Shipped
56,SO-20241206151047-396,FPC_DL_PI35,5651,5.75,32493.25,Partially_Shipped
6,SO-20241126135618-287,FPC_DL_PI35,370,5.75,2127.50,Partially_Shipped
7,SO-20241126135618-287,FPC_SL_LCP9_HF,3037,8.90,27029.30,Partially_Shipped
11,SO-20241126125829-505,FPC_SL_PI18,222,2.50,555.00,Partially_Shipped
13,SO-20241127154349-281,ASSY01_FPC_SL_PI18,7071,7.80,55153.80,Partially_Shipped
17,SO-20241128130218-312,FPC_ML4_MPI12,343,15.20,5213.60,Partially_Shipped
21,SO-20241129154738-225,MODULE_SENSOR_A,87,45.00,3915.00,Partially_Shipped
23,SO-20241130153420-616,FPC_SL_PI18,292,2.50,730.00,Partially_Shipped
42,SO-20241204125509-167,ASSY02_FPC_ML4_MPI12,5010,25.50,127755.00,Partially_Shipped
31,SO-20241202163756-281,FPC_ML4_MPI12,9543,15.20,145053.60,Partially_Shipped
47,SO-20241205095740-531,FPC_ML4_MPI12,150,15.20,2280.00,Partially_Shipped
46,SO-20241205084835-622,MODULE_SENSOR_A,494,45.00,22230.00,Partially_Shipped
51,SO-20241206131635-442,MODULE_SENSOR_A,219,45.00,9855.00,Partially_Shipped
63,SO-20241207123606-997,FPC_SL_PI18,85,2.50,212.50,Partially_Shipped
49,SO-20241206131635-442,ASSY01_FPC_SL_PI18,190,7.80,1482.00,Partially_Shipped
45,SO-20241205084835-622,ASSY02_FPC_ML4_MPI12,347,25.50,8848.50,Partially_Shipped
27,SO-20241201134734-740,FPC_SL_LCP9_HF,447,8.90,3978.30,Partially_Shipped
64,SO-20241207123606-997,FPC_DL_PI35,115,5.75,661.25,Partially_Shipped
43,SO-20241204125509-167,FPC_ML4_MPI12,151,15.20,2295.20,Partially_Shipped
20,SO-20241129154738-225,FPC_ML4_MPI12,239,15.20,3632.80,Partially_Shipped
28,SO-20241201155015-913,FPC_SL_PI18,238,2.50,595.00,Partially_Shipped
36,SO-20241203165330-856,FPC_DL_PI35,115,5.75,661.25,Partially_Shipped
37,SO-20241203100023-546,ASSY01_FPC_SL_PI18,373,7.80,2909.40,Partially_Shipped
57,SO-20241207101135-674,FPC_DL_PI35,482,5.75,2771.50,Partially_Shipped
67,SO-20241208145802-850,MODULE_SENSOR_A,303,45.00,13635.00,Partially_Shipped
71,SO-20241209142610-917,FPC_SL_PI18,3162,2.50,7905.00,Partially_Shipped
61,SO-20241207084250-498,ASSY01_FPC_SL_PI18,4441,7.80,34639.80,Partially_Shipped
39,SO-20241204104022-298,MODULE_SENSOR_A,447,45.00,20115.00,Partially_Shipped
58,SO-20241207101135-674,FPC_SL_PI18,461,2.50,1152.50,Partially_Shipped
50,SO-20241206131635-442,FPC_SL_LCP9_HF,490,8.90,4361.00,Partially_Shipped
62,SO-20241207123606-997,FPC_SL_PI18,238,2.50,595.00,Partially_Shipped
55,SO-20241206151047-396,FPC_DL_PI35,132,5.75,759.00,Partially_Shipped
32,SO-20241202111025-794,FPC_SL_LCP9_HF,109,8.90,970.10,Partially_Shipped
40,SO-20241204104022-298,FPC_SL_PI18,123,2.50,307.50,Partially_Shipped
85,SO-20241211084257-252,ASSY02_FPC_ML4_MPI12,127,25.50,3238.50,Partially_Shipped
80,SO-20241211144829-210,FPC_SL_LCP9_HF,341,8.90,3034.90,Partially_Shipped
72,SO-20241209142610-917,ASSY01_FPC_SL_PI18,8733,7.80,68117.40,Partially_Shipped
73,SO-20241209132723-728,ASSY02_FPC_ML4_MPI12,179,25.50,4564.50,Partially_Shipped
74,SO-20241209132723-728,FPC_SL_PI18,83,2.50,207.50,Partially_Shipped
103,SO-20241213120428-997,FPC_SL_PI18,270,2.50,675.00,Partially_Shipped
91,SO-20241212122920-684,FPC_SL_PI18,323,2.50,807.50,Partially_Shipped
108,SO-20241215142916-769,FPC_DL_PI35,383,5.75,2202.25,Partially_Shipped
66,SO-20241208095041-824,FPC_DL_PI35,3731,5.75,21453.25,Partially_Shipped
104,SO-20241214160943-653,FPC_SL_PI18,234,2.50,585.00,Partially_Shipped
124,SO-20241218134734-175,ASSY02_FPC_ML4_MPI12,417,25.50,10633.50,Partially_Shipped
75,SO-20241209132723-728,FPC_SL_LCP9_HF,405,8.90,3604.50,Partially_Shipped
110,SO-20241215142916-769,FPC_ML4_MPI12,2037,15.20,30962.40,Partially_Shipped
95,SO-20241213145955-781,MODULE_SENSOR_A,455,45.00,20475.00,Partially_Shipped
130,SO-20241219154700-610,FPC_SL_PI18,61,2.50,152.50,Partially_Shipped
106,SO-20241215133111-386,FPC_ML4_MPI12,50,15.20,760.00,Partially_Shipped
105,SO-20241215133111-386,ASSY01_FPC_SL_PI18,400,7.80,3120.00,Partially_Shipped
136,SO-20241220142538-910,ASSY01_FPC_SL_PI18,373,7.80,2909.40,Partially_Shipped
113,SO-20241216121818-770,FPC_DL_PI35,114,5.75,655.50,Partially_Shipped
77,SO-20241210093803-731,FPC_ML4_MPI12,167,15.20,2538.40,Partially_Shipped
76,SO-20241210093803-731,ASSY01_FPC_SL_PI18,194,7.80,1513.20,Partially_Shipped
78,SO-20241210131750-697,FPC_ML4_MPI12,138,15.20,2097.60,Partially_Shipped
99,SO-20241213093923-900,MODULE_SENSOR_A,6109,45.00,274905.00,Partially_Shipped
82,SO-20241211165313-449,FPC_DL_PI35,73,5.75,419.75,Partially_Shipped
89,SO-20241211102246-492,FPC_SL_PI18,4714,2.50,11785.00,Partially_Shipped
107,SO-20241215152845-905,FPC_SL_PI18,8228,2.50,20570.00,Partially_Shipped
102,SO-20241213120428-997,FPC_SL_LCP9_HF,317,8.90,2821.30,Partially_Shipped
128,SO-20241218164844-709,ASSY01_FPC_SL_PI18,7657,7.80,59724.60,Partially_Shipped
122,SO-20241218114110-204,FPC_ML4_MPI12,374,15.20,5684.80,Partially_Shipped
86,SO-20241211084257-252,MODULE_SENSOR_A,167,45.00,7515.00,Partially_Shipped
70,SO-20241209142610-917,FPC_SL_LCP9_HF,292,8.90,2598.80,Partially_Shipped
88,SO-20241211102246-492,MODULE_SENSOR_A,8920,45.00,401400.00,Partially_Shipped
87,SO-20241211102246-492,FPC_ML4_MPI12,459,15.20,6976.80,Partially_Shipped
120,SO-20241217095357-423,FPC_DL_PI35,426,5.75,2449.50,Partially_Shipped
101,SO-20241213120428-997,FPC_SL_LCP9_HF,242,8.90,2153.80,Partially_Shipped
115,SO-20241217150506-354,FPC_ML4_MPI12,326,15.20,4955.20,Partially_Shipped
116,SO-20241217150506-354,ASSY02_FPC_ML4_MPI12,360,25.50,9180.00,Partially_Shipped
79,SO-20241211144829-210,FPC_ML4_MPI12,456,15.20,6931.20,Partially_Shipped
81,SO-20241211144829-210,FPC_SL_LCP9_HF,363,8.90,3230.70,Partially_Shipped
92,SO-20241213163829-429,FPC_SL_LCP9_HF,388,8.90,3453.20,Partially_Shipped
127,SO-20241218164844-709,FPC_SL_LCP9_HF,464,8.90,4129.60,Partially_Shipped
121,SO-20241217095357-423,FPC_ML4_MPI12,313,15.20,4757.60,Partially_Shipped
111,SO-20241216104056-460,ASSY01_FPC_SL_PI18,58,7.80,452.40,Partially_Shipped
119,SO-20241217111738-671,FPC_SL_PI18,4316,2.50,10790.00,Partially_Shipped
125,SO-20241218134734-175,FPC_DL_PI35,1079,5.75,6204.25,Partially_Shipped
84,SO-20241211165313-449,ASSY01_FPC_SL_PI18,460,7.80,3588.00,Partially_Shipped
94,SO-20241213163829-429,FPC_DL_PI35,5071,5.75,29158.25,Partially_Shipped
93,SO-20241213163829-429,FPC_SL_LCP9_HF,475,8.90,4227.50,Partially_Shipped
97,SO-20241213145955-781,FPC_SL_PI18,407,2.50,1017.50,Partially_Shipped
98,SO-20241213093923-900,FPC_SL_LCP9_HF,8053,8.90,71671.70,Partially_Shipped
126,SO-20241218164844-709,FPC_SL_PI18,120,2.50,300.00,Partially_Shipped
123,SO-20241218134734-175,FPC_SL_PI18,7851,2.50,19627.50,Partially_Shipped
135,SO-20241220142538-910,FPC_DL_PI35,183,5.75,1052.25,Partially_Shipped
114,SO-20241216125428-112,FPC_SL_LCP9_HF,472,8.90,4200.80,Partially_Shipped
131,SO-20241219143007-328,MODULE_SENSOR_A,227,45.00,10215.00,Partially_Shipped
129,SO-20241218090843-684,FPC_SL_PI18,1811,2.50,4527.50,Partially_Shipped
117,SO-20241217150506-354,FPC_ML4_MPI12,9063,15.20,137757.60,Partially_Shipped
83,SO-20241211165313-449,MODULE_SENSOR_A,362,45.00,16290.00,Partially_Shipped
96,SO-20241213145955-781,ASSY02_FPC_ML4_MPI12,5488,25.50,139944.00,Partially_Shipped
134,SO-20241220142538-910,ASSY02_FPC_ML4_MPI12,65,25.50,1657.50,Partially_Shipped
90,SO-20241212120720-603,ASSY02_FPC_ML4_MPI12,110,25.50,2805.00,Partially_Shipped
100,SO-20241213093923-900,FPC_ML4_MPI12,477,15.20,7250.40,Partially_Shipped
132,SO-20241219143007-328,FPC_SL_PI18,270,2.50,675.00,Partially_Shipped
133,SO-20241220154501-689,FPC_ML4_MPI12,168,15.20,2553.60,Partially_Shipped
137,SO-20241220084325-414,FPC_DL_PI35,259,5.75,1489.25,Partially_Shipped
112,SO-20241216121818-770,FPC_SL_PI18,6179,2.50,15447.50,Partially_Shipped
118,SO-20241217111738-671,FPC_SL_LCP9_HF,444,8.90,3951.60,Partially_Shipped
109,SO-20241215142916-769,ASSY01_FPC_SL_PI18,2397,7.80,18696.60,Partially_Shipped
176,SO-20241225080649-121,FPC_DL_PI35,410,5.75,2357.50,Partially_Shipped
166,SO-20241224083520-678,FPC_SL_LCP9_HF,443,8.90,3942.70,Partially_Shipped
185,SO-20241227161211-830,ASSY02_FPC_ML4_MPI12,141,25.50,3595.50,Partially_Shipped
181,SO-20241227163207-800,ASSY02_FPC_ML4_MPI12,322,25.50,8211.00,Partially_Shipped
179,SO-20241226100856-626,FPC_SL_PI18,427,2.50,1067.50,Partially_Shipped
159,SO-20241223083238-420,ASSY02_FPC_ML4_MPI12,74,25.50,1887.00,Partially_Shipped
190,SO-20241227101758-777,FPC_SL_LCP9_HF,103,8.90,916.70,Partially_Shipped
187,SO-20241227160613-847,FPC_DL_PI35,208,5.75,1196.00,Partially_Shipped
189,SO-20241227101758-777,FPC_DL_PI35,335,5.75,1926.25,Partially_Shipped
177,SO-20241226100856-626,ASSY01_FPC_SL_PI18,219,7.80,1708.20,Partially_Shipped
151,SO-20241222134014-422,FPC_SL_LCP9_HF,419,8.90,3729.10,Partially_Shipped
170,SO-20241224085439-536,ASSY02_FPC_ML4_MPI12,133,25.50,3391.50,Partially_Shipped
168,SO-20241224121344-122,FPC_SL_PI18,3519,2.50,8797.50,Partially_Shipped
193,SO-20241228090408-963,FPC_ML4_MPI12,4551,15.20,69175.20,Partially_Shipped
178,SO-20241226100856-626,FPC_ML4_MPI12,266,15.20,4043.20,Partially_Shipped
195,SO-20241229115433-182,FPC_SL_PI18,8190,2.50,20475.00,Partially_Shipped
200,SO-20241230134005-899,FPC_DL_PI35,9152,5.75,52624.00,Partially_Shipped
171,SO-20241225081826-726,FPC_DL_PI35,266,5.75,1529.50,Partially_Shipped
172,SO-20241225093532-451,FPC_SL_LCP9_HF,381,8.90,3390.90,Partially_Shipped
141,SO-20241221094233-424,FPC_DL_PI35,311,5.75,1788.25,Partially_Shipped
139,SO-20241221094233-424,ASSY01_FPC_SL_PI18,216,7.80,1684.80,Partially_Shipped
143,SO-20241221100153-718,MODULE_SENSOR_A,408,45.00,18360.00,Partially_Shipped
173,SO-20241225093532-451,ASSY01_FPC_SL_PI18,8684,7.80,67735.20,Partially_Shipped
174,SO-20241225080649-121,ASSY01_FPC_SL_PI18,206,7.80,1606.80,Partially_Shipped
167,SO-20241224121344-122,FPC_DL_PI35,86,5.75,494.50,Partially_Shipped
182,SO-20241227163207-800,FPC_DL_PI35,217,5.75,1247.75,Partially_Shipped
138,SO-20241221163721-935,FPC_DL_PI35,361,5.75,2075.75,Partially_Shipped
147,SO-20241222091651-381,FPC_SL_LCP9_HF,307,8.90,2732.30,Partially_Shipped
148,SO-20241222091651-381,FPC_SL_LCP9_HF,327,8.90,2910.30,Partially_Shipped
155,SO-20241222101643-721,FPC_SL_PI18,100,2.50,250.00,Partially_Shipped
183,SO-20241227161211-830,FPC_ML4_MPI12,6226,15.20,94635.20,Partially_Shipped
163,SO-20241224124330-514,FPC_SL_PI18,482,2.50,1205.00,Partially_Shipped
194,SO-20241229110736-920,MODULE_SENSOR_A,292,45.00,13140.00,Partially_Shipped
144,SO-20241221100153-718,MODULE_SENSOR_A,284,45.00,12780.00,Partially_Shipped
140,SO-20241221094233-424,FPC_SL_LCP9_HF,299,8.90,2661.10,Partially_Shipped
153,SO-20241222145026-199,MODULE_SENSOR_A,5005,45.00,225225.00,Partially_Shipped
204,SO-20241230100112-962,ASSY02_FPC_ML4_MPI12,353,25.50,9001.50,Partially_Shipped
192,SO-20241228090859-195,FPC_DL_PI35,258,5.75,1483.50,Partially_Shipped
198,SO-20241229122742-515,ASSY01_FPC_SL_PI18,6910,7.80,53898.00,Partially_Shipped
184,SO-20241227161211-830,FPC_DL_PI35,435,5.75,2501.25,Partially_Shipped
186,SO-20241227151834-992,FPC_ML4_MPI12,209,15.20,3176.80,Partially_Shipped
150,SO-20241222134014-422,MODULE_SENSOR_A,58,45.00,2610.00,Partially_Shipped
162,SO-20241224124330-514,MODULE_SENSOR_A,68,45.00,3060.00,Partially_Shipped
164,SO-20241224083520-678,ASSY01_FPC_SL_PI18,278,7.80,2168.40,Partially_Shipped
152,SO-20241222145026-199,FPC_SL_PI18,5339,2.50,13347.50,Partially_Shipped
207,SO-20241230130315-662,FPC_SL_LCP9_HF,410,8.90,3649.00,Partially_Shipped
191,SO-20241228090859-195,MODULE_SENSOR_A,436,45.00,19620.00,Partially_Shipped
145,SO-20241221100153-718,FPC_SL_PI18,347,2.50,867.50,Partially_Shipped
142,SO-20241221141503-761,MODULE_SENSOR_A,201,45.00,9045.00,Partially_Shipped
157,SO-20241222094710-969,FPC_ML4_MPI12,64,15.20,972.80,Partially_Shipped
161,SO-20241223153911-890,FPC_SL_LCP9_HF,452,8.90,4022.80,Partially_Shipped
169,SO-20241224121344-122,FPC_ML4_MPI12,294,15.20,4468.80,Partially_Shipped
154,SO-20241222145026-199,MODULE_SENSOR_A,296,45.00,13320.00,Partially_Shipped
149,SO-20241222134014-422,ASSY02_FPC_ML4_MPI12,57,25.50,1453.50,Partially_Shipped
197,SO-20241229122742-515,FPC_DL_PI35,346,5.75,1989.50,Partially_Shipped
208,SO-20241230130315-662,ASSY02_FPC_ML4_MPI12,8517,25.50,217183.50,Partially_Shipped
180,SO-20241226124636-774,FPC_DL_PI35,370,5.75,2127.50,Partially_Shipped
146,SO-20241222094348-331,MODULE_SENSOR_A,2422,45.00,108990.00,Partially_Shipped
158,SO-20241223083238-420,FPC_ML4_MPI12,4626,15.20,70315.20,Partially_Shipped
175,SO-20241225080649-121,FPC_SL_LCP9_HF,75,8.90,667.50,Partially_Shipped
156,SO-20241222094710-969,FPC_ML4_MPI12,377,15.20,5730.40,Partially_Shipped
202,SO-20241230134535-854,FPC_SL_LCP9_HF,289,8.90,2572.10,Partially_Shipped
199,SO-20241230134005-899,FPC_SL_PI18,2349,2.50,5872.50,Partially_Shipped
188,SO-20241227101758-777,FPC_SL_LCP9_HF,8337,8.90,74199.30,Partially_Shipped
201,SO-20241230134535-854,FPC_ML4_MPI12,5150,15.20,78280.00,Partially_Shipped
196,SO-20241229122742-515,FPC_DL_PI35,188,5.75,1081.00,Partially_Shipped
206,SO-20241230130315-662,MODULE_SENSOR_A,88,45.00,3960.00,Partially_Shipped
160,SO-20241223160122-214,FPC_DL_PI35,3862,5.75,22206.50,Partially_Shipped
165,SO-20241224083520-678,ASSY02_FPC_ML4_MPI12,136,25.50,3468.00,Partially_Shipped
215,SO-20241231125652-876,MODULE_SENSOR_A,1761,45.00,79245.00,Partially_Shipped
224,SO-20250102143218-533,FPC_ML4_MPI12,7581,15.20,115231.20,Partially_Shipped
234,SO-20250104101941-549,FPC_SL_PI18,6653,2.50,16632.50,Partially_Shipped
255,SO-20250107112207-875,MODULE_SENSOR_A,427,45.00,19215.00,Partially_Shipped
241,SO-20250104132224-768,ASSY02_FPC_ML4_MPI12,317,25.50,8083.50,Partially_Shipped
242,SO-20250105083123-604,ASSY01_FPC_SL_PI18,239,7.80,1864.20,Partially_Shipped
239,SO-20250104132224-768,FPC_SL_LCP9_HF,102,8.90,907.80,Partially_Shipped
258,SO-20250107111016-704,ASSY02_FPC_ML4_MPI12,306,25.50,7803.00,Partially_Shipped
259,SO-20250107111016-704,FPC_SL_PI18,407,2.50,1017.50,Partially_Shipped
268,SO-20250109133506-344,FPC_SL_PI18,193,2.50,482.50,Partially_Shipped
270,SO-20250109133506-344,FPC_DL_PI35,53,5.75,304.75,Partially_Shipped
252,SO-20250107124312-357,FPC_SL_LCP9_HF,59,8.90,525.10,Partially_Shipped
237,SO-20250104153355-429,FPC_SL_PI18,6565,2.50,16412.50,Partially_Shipped
254,SO-20250107124312-357,FPC_SL_PI18,2967,2.50,7417.50,Partially_Shipped
225,SO-20250102083100-777,FPC_ML4_MPI12,2289,15.20,34792.80,Partially_Shipped
247,SO-20250105101939-987,FPC_SL_PI18,499,2.50,1247.50,Partially_Shipped
227,SO-20250102102817-300,FPC_DL_PI35,7418,5.75,42653.50,Partially_Shipped
243,SO-20250105083123-604,ASSY01_FPC_SL_PI18,385,7.80,3003.00,Partially_Shipped
203,SO-20241230134535-854,FPC_SL_LCP9_HF,428,8.90,3809.20,Partially_Shipped
213,SO-20241231165659-497,FPC_ML4_MPI12,173,15.20,2629.60,Partially_Shipped
216,SO-20241231125652-876,FPC_ML4_MPI12,1089,15.20,16552.80,Partially_Shipped
220,SO-20250101083608-471,ASSY01_FPC_SL_PI18,294,7.80,2293.20,Partially_Shipped
261,SO-20250108080208-341,ASSY01_FPC_SL_PI18,115,7.80,897.00,Partially_Shipped
251,SO-20250106135136-981,FPC_SL_LCP9_HF,457,8.90,4067.30,Partially_Shipped
226,SO-20250102102817-300,FPC_DL_PI35,9919,5.75,57034.25,Partially_Shipped
205,SO-20241230100112-962,ASSY01_FPC_SL_PI18,7893,7.80,61565.40,Partially_Shipped
212,SO-20241231165659-497,FPC_SL_LCP9_HF,381,8.90,3390.90,Partially_Shipped
214,SO-20241231165659-497,ASSY01_FPC_SL_PI18,90,7.80,702.00,Partially_Shipped
218,SO-20250101080411-117,FPC_SL_PI18,9832,2.50,24580.00,Partially_Shipped
221,SO-20250101115512-490,ASSY02_FPC_ML4_MPI12,495,25.50,12622.50,Partially_Shipped
223,SO-20250102124433-829,ASSY01_FPC_SL_PI18,4503,7.80,35123.40,Partially_Shipped
236,SO-20250104145313-139,FPC_SL_LCP9_HF,233,8.90,2073.70,Partially_Shipped
274,SO-20250110114444-316,MODULE_SENSOR_A,290,45.00,13050.00,Partially_Shipped
244,SO-20250105125345-137,MODULE_SENSOR_A,369,45.00,16605.00,Partially_Shipped
257,SO-20250107084839-906,FPC_DL_PI35,495,5.75,2846.25,Partially_Shipped
209,SO-20241231153445-452,ASSY02_FPC_ML4_MPI12,452,25.50,11526.00,Partially_Shipped
217,SO-20250101080411-117,FPC_SL_PI18,179,2.50,447.50,Partially_Shipped
260,SO-20250107111016-704,FPC_ML4_MPI12,9019,15.20,137088.80,Partially_Shipped
253,SO-20250107124312-357,FPC_ML4_MPI12,314,15.20,4772.80,Partially_Shipped
264,SO-20250108123544-127,FPC_DL_PI35,6206,5.75,35684.50,Partially_Shipped
228,SO-20250103113424-101,ASSY02_FPC_ML4_MPI12,6540,25.50,166770.00,Partially_Shipped
265,SO-20250109121414-345,ASSY01_FPC_SL_PI18,133,7.80,1037.40,Partially_Shipped
272,SO-20250110114444-316,FPC_DL_PI35,369,5.75,2121.75,Partially_Shipped
256,SO-20250107112207-875,FPC_SL_LCP9_HF,314,8.90,2794.60,Partially_Shipped
269,SO-20250109133506-344,MODULE_SENSOR_A,9566,45.00,430470.00,Partially_Shipped
211,SO-20241231153445-452,FPC_DL_PI35,5462,5.75,31406.50,Partially_Shipped
210,SO-20241231153445-452,FPC_ML4_MPI12,469,15.20,7128.80,Partially_Shipped
231,SO-20250103132211-632,ASSY02_FPC_ML4_MPI12,76,25.50,1938.00,Partially_Shipped
232,SO-20250103132211-632,MODULE_SENSOR_A,9801,45.00,441045.00,Partially_Shipped
230,SO-20250103132211-632,ASSY01_FPC_SL_PI18,9836,7.80,76720.80,Partially_Shipped
229,SO-20250103113424-101,MODULE_SENSOR_A,412,45.00,18540.00,Partially_Shipped
222,SO-20250102124433-829,FPC_SL_PI18,192,2.50,480.00,Partially_Shipped
235,SO-20250104101941-549,ASSY02_FPC_ML4_MPI12,8970,25.50,228735.00,Partially_Shipped
240,SO-20250104132224-768,ASSY02_FPC_ML4_MPI12,8472,25.50,216036.00,Partially_Shipped
245,SO-20250105125345-137,MODULE_SENSOR_A,6578,45.00,296010.00,Partially_Shipped
246,SO-20250105101939-987,ASSY01_FPC_SL_PI18,329,7.80,2566.20,Partially_Shipped
219,SO-20250101080411-117,ASSY01_FPC_SL_PI18,61,7.80,475.80,Partially_Shipped
233,SO-20250104101941-549,FPC_SL_PI18,8386,2.50,20965.00,Partially_Shipped
271,SO-20250110151507-612,FPC_ML4_MPI12,4274,15.20,64964.80,Partially_Shipped
262,SO-20250108080208-341,FPC_ML4_MPI12,5135,15.20,78052.00,Partially_Shipped
266,SO-20250109094519-558,ASSY01_FPC_SL_PI18,2042,7.80,15927.60,Partially_Shipped
273,SO-20250110114444-316,FPC_SL_PI18,3741,2.50,9352.50,Partially_Shipped
249,SO-20250106113838-835,FPC_DL_PI35,238,5.75,1368.50,Partially_Shipped
250,SO-20250106113838-835,MODULE_SENSOR_A,2590,45.00,116550.00,Partially_Shipped
267,SO-20250109124927-864,FPC_SL_PI18,2618,2.50,6545.00,Partially_Shipped
263,SO-20250108123544-127,ASSY01_FPC_SL_PI18,7677,7.80,59880.60,Partially_Shipped
238,SO-20250104153355-429,FPC_SL_PI18,260,2.50,650.00,Partially_Shipped
248,SO-20250106113838-835,ASSY01_FPC_SL_PI18,292,7.80,2277.60,Partially_Shipped
333,SO-20250120092214-218,MODULE_SENSOR_A,161,45.00,7245.00,Partially_Shipped
286,SO-20250111114017-963,ASSY01_FPC_SL_PI18,345,7.80,2691.00,Partially_Shipped
338,SO-20250121111622-247,ASSY01_FPC_SL_PI18,8397,7.80,65496.60,Partially_Shipped
327,SO-20250119082338-231,FPC_SL_PI18,2661,2.50,6652.50,Partially_Shipped
301,SO-20250114082716-133,FPC_DL_PI35,6225,5.75,35793.75,Partially_Shipped
319,SO-20250118140610-295,ASSY01_FPC_SL_PI18,445,7.80,3471.00,Partially_Shipped
317,SO-20250118081002-941,FPC_ML4_MPI12,4819,15.20,73248.80,Partially_Shipped
309,SO-20250116084748-711,FPC_SL_LCP9_HF,379,8.90,3373.10,Partially_Shipped
283,SO-20250111080225-542,FPC_SL_PI18,304,2.50,760.00,Partially_Shipped
321,SO-20250118140610-295,ASSY02_FPC_ML4_MPI12,7869,25.50,200659.50,Partially_Shipped
325,SO-20250118141053-767,FPC_ML4_MPI12,151,15.20,2295.20,Partially_Shipped
299,SO-20250114082716-133,ASSY01_FPC_SL_PI18,333,7.80,2597.40,Partially_Shipped
314,SO-20250117083041-641,FPC_ML4_MPI12,295,15.20,4484.00,Partially_Shipped
329,SO-20250119091522-407,MODULE_SENSOR_A,263,45.00,11835.00,Partially_Shipped
315,SO-20250117083041-641,ASSY02_FPC_ML4_MPI12,257,25.50,6553.50,Partially_Shipped
336,SO-20250121110400-921,ASSY02_FPC_ML4_MPI12,188,25.50,4794.00,Partially_Shipped
328,SO-20250119091522-407,MODULE_SENSOR_A,165,45.00,7425.00,Partially_Shipped
276,SO-20250111140312-671,FPC_SL_PI18,462,2.50,1155.00,Partially_Shipped
322,SO-20250118105909-781,FPC_SL_PI18,79,2.50,197.50,Partially_Shipped
298,SO-20250114081703-919,FPC_SL_LCP9_HF,319,8.90,2839.10,Partially_Shipped
300,SO-20250114082716-133,FPC_SL_PI18,7779,2.50,19447.50,Partially_Shipped
296,SO-20250114081703-919,ASSY02_FPC_ML4_MPI12,165,25.50,4207.50,Partially_Shipped
303,SO-20250114163054-401,FPC_ML4_MPI12,203,15.20,3085.60,Partially_Shipped
275,SO-20250111140312-671,FPC_DL_PI35,116,5.75,667.00,Partially_Shipped
281,SO-20250111111552-849,FPC_DL_PI35,3898,5.75,22413.50,Partially_Shipped
284,SO-20250111080225-542,MODULE_SENSOR_A,206,45.00,9270.00,Partially_Shipped
307,SO-20250116084748-711,FPC_ML4_MPI12,360,15.20,5472.00,Partially_Shipped
312,SO-20250116114830-971,ASSY01_FPC_SL_PI18,322,7.80,2511.60,Partially_Shipped
289,SO-20250112125553-479,FPC_ML4_MPI12,369,15.20,5608.80,Partially_Shipped
288,SO-20250112125553-479,FPC_SL_LCP9_HF,2083,8.90,18538.70,Partially_Shipped
324,SO-20250118141053-767,FPC_DL_PI35,224,5.75,1288.00,Partially_Shipped
311,SO-20250116114830-971,FPC_SL_LCP9_HF,393,8.90,3497.70,Partially_Shipped
306,SO-20250115094211-701,MODULE_SENSOR_A,424,45.00,19080.00,Partially_Shipped
308,SO-20250116084748-711,MODULE_SENSOR_A,490,45.00,22050.00,Partially_Shipped
316,SO-20250117084255-844,MODULE_SENSOR_A,75,45.00,3375.00,Partially_Shipped
326,SO-20250118141053-767,FPC_ML4_MPI12,311,15.20,4727.20,Partially_Shipped
280,SO-20250111140425-782,MODULE_SENSOR_A,461,45.00,20745.00,Partially_Shipped
291,SO-20250112080652-865,FPC_SL_PI18,178,2.50,445.00,Partially_Shipped
292,SO-20250113110302-185,ASSY02_FPC_ML4_MPI12,430,25.50,10965.00,Partially_Shipped
294,SO-20250113095259-544,FPC_DL_PI35,6674,5.75,38375.50,Partially_Shipped
318,SO-20250118081002-941,FPC_SL_PI18,6334,2.50,15835.00,Partially_Shipped
313,SO-20250117083041-641,FPC_SL_LCP9_HF,6297,8.90,56043.30,Partially_Shipped
320,SO-20250118140610-295,FPC_SL_LCP9_HF,247,8.90,2198.30,Partially_Shipped
330,SO-20250119091522-407,ASSY02_FPC_ML4_MPI12,7576,25.50,193188.00,Partially_Shipped
277,SO-20250111140312-671,ASSY01_FPC_SL_PI18,8744,7.80,68203.20,Partially_Shipped
282,SO-20250111111552-849,ASSY02_FPC_ML4_MPI12,5271,25.50,134410.50,Partially_Shipped
290,SO-20250112080652-865,MODULE_SENSOR_A,78,45.00,3510.00,Partially_Shipped
287,SO-20250112125553-479,FPC_SL_LCP9_HF,223,8.90,1984.70,Partially_Shipped
279,SO-20250111140425-782,FPC_ML4_MPI12,87,15.20,1322.40,Partially_Shipped
297,SO-20250114081703-919,MODULE_SENSOR_A,1904,45.00,85680.00,Partially_Shipped
293,SO-20250113095259-544,FPC_SL_PI18,94,2.50,235.00,Partially_Shipped
278,SO-20250111140425-782,FPC_SL_LCP9_HF,159,8.90,1415.10,Partially_Shipped
285,SO-20250111114017-963,MODULE_SENSOR_A,5200,45.00,234000.00,Partially_Shipped
304,SO-20250115135231-345,FPC_ML4_MPI12,458,15.20,6961.60,Partially_Shipped
331,SO-20250119132534-486,FPC_ML4_MPI12,420,15.20,6384.00,Partially_Shipped
323,SO-20250118105909-781,ASSY01_FPC_SL_PI18,6074,7.80,47377.20,Partially_Shipped
334,SO-20250120092214-218,MODULE_SENSOR_A,130,45.00,5850.00,Partially_Shipped
335,SO-20250121110400-921,ASSY01_FPC_SL_PI18,8165,7.80,63687.00,Partially_Shipped
343,SO-20250122110442-525,FPC_ML4_MPI12,79,15.20,1200.80,Partially_Shipped
295,SO-20250113104211-167,FPC_ML4_MPI12,118,15.20,1793.60,Partially_Shipped
341,SO-20250122110442-525,FPC_ML4_MPI12,465,15.20,7068.00,Partially_Shipped
342,SO-20250122110442-525,ASSY02_FPC_ML4_MPI12,410,25.50,10455.00,Partially_Shipped
302,SO-20250114163054-401,FPC_DL_PI35,473,5.75,2719.75,Partially_Shipped
337,SO-20250121110400-921,MODULE_SENSOR_A,441,45.00,19845.00,Partially_Shipped
339,SO-20250122092035-101,FPC_DL_PI35,7354,5.75,42285.50,Partially_Shipped
332,SO-20250120092214-218,FPC_DL_PI35,206,5.75,1184.50,Partially_Shipped
305,SO-20250115135231-345,ASSY01_FPC_SL_PI18,431,7.80,3361.80,Partially_Shipped
366,SO-20250126083943-189,FPC_DL_PI35,5942,5.75,34166.50,Partially_Shipped
310,SO-20250116110223-398,ASSY01_FPC_SL_PI18,7976,7.80,62212.80,Partially_Shipped
405,SO-20250131161437-880,ASSY01_FPC_SL_PI18,8898,7.80,69404.40,Partially_Shipped
396,SO-20250130150356-242,ASSY02_FPC_ML4_MPI12,312,25.50,7956.00,Partially_Shipped
350,SO-20250123155202-311,FPC_SL_LCP9_HF,9959,8.90,88635.10,Partially_Shipped
394,SO-20250129123136-223,MODULE_SENSOR_A,445,45.00,20025.00,Partially_Shipped
410,SO-20250131115204-154,FPC_ML4_MPI12,3776,15.20,57395.20,Partially_Shipped
387,SO-20250129164324-623,FPC_ML4_MPI12,445,15.20,6764.00,Partially_Shipped
389,SO-20250129161829-788,FPC_SL_LCP9_HF,5125,8.90,45612.50,Partially_Shipped
352,SO-20250123155202-311,MODULE_SENSOR_A,296,45.00,13320.00,Partially_Shipped
404,SO-20250131110102-832,FPC_SL_PI18,239,2.50,597.50,Partially_Shipped
353,SO-20250123162846-238,FPC_DL_PI35,1116,5.75,6417.00,Partially_Shipped
368,SO-20250126131733-553,FPC_ML4_MPI12,243,15.20,3693.60,Partially_Shipped
351,SO-20250123155202-311,ASSY02_FPC_ML4_MPI12,144,25.50,3672.00,Partially_Shipped
349,SO-20250123103023-241,FPC_SL_LCP9_HF,8426,8.90,74991.40,Partially_Shipped
398,SO-20250130121829-733,ASSY02_FPC_ML4_MPI12,255,25.50,6502.50,Partially_Shipped
348,SO-20250123103023-241,FPC_SL_PI18,3433,2.50,8582.50,Partially_Shipped
345,SO-20250122143847-233,MODULE_SENSOR_A,126,45.00,5670.00,Partially_Shipped
403,SO-20250130140627-835,FPC_SL_LCP9_HF,411,8.90,3657.90,Partially_Shipped
379,SO-20250128091544-342,MODULE_SENSOR_A,76,45.00,3420.00,Partially_Shipped
370,SO-20250126131956-413,FPC_SL_LCP9_HF,6247,8.90,55598.30,Partially_Shipped
369,SO-20250126131733-553,FPC_SL_PI18,55,2.50,137.50,Partially_Shipped
388,SO-20250129161829-788,MODULE_SENSOR_A,106,45.00,4770.00,Partially_Shipped
371,SO-20250126151643-911,FPC_SL_PI18,87,2.50,217.50,Partially_Shipped
372,SO-20250127134424-235,FPC_SL_LCP9_HF,105,8.90,934.50,Partially_Shipped
344,SO-20250122143847-233,FPC_DL_PI35,1754,5.75,10085.50,Partially_Shipped
347,SO-20250123103023-241,FPC_SL_LCP9_HF,236,8.90,2100.40,Partially_Shipped
354,SO-20250123162846-238,MODULE_SENSOR_A,7441,45.00,334845.00,Partially_Shipped
374,SO-20250127125502-986,ASSY01_FPC_SL_PI18,5906,7.80,46066.80,Partially_Shipped
384,SO-20250128083214-386,FPC_SL_PI18,170,2.50,425.00,Partially_Shipped
362,SO-20250125134809-578,FPC_ML4_MPI12,223,15.20,3389.60,Partially_Shipped
406,SO-20250131125255-282,MODULE_SENSOR_A,105,45.00,4725.00,Partially_Shipped
356,SO-20250124084643-388,MODULE_SENSOR_A,1642,45.00,73890.00,Partially_Shipped
361,SO-20250124155459-772,ASSY02_FPC_ML4_MPI12,6714,25.50,171207.00,Partially_Shipped
373,SO-20250127125502-986,FPC_SL_PI18,167,2.50,417.50,Partially_Shipped
375,SO-20250127125502-986,FPC_SL_PI18,137,2.50,342.50,Partially_Shipped
359,SO-20250124161751-374,MODULE_SENSOR_A,162,45.00,7290.00,Partially_Shipped
385,SO-20250129164324-623,FPC_SL_PI18,483,2.50,1207.50,Partially_Shipped
391,SO-20250129142120-362,FPC_ML4_MPI12,190,15.20,2888.00,Partially_Shipped
395,SO-20250130150356-242,FPC_DL_PI35,8750,5.75,50312.50,Partially_Shipped
386,SO-20250129164324-623,FPC_SL_LCP9_HF,487,8.90,4334.30,Partially_Shipped
381,SO-20250128125232-141,FPC_ML4_MPI12,8963,15.20,136237.60,Partially_Shipped
399,SO-20250130121829-733,FPC_SL_LCP9_HF,5121,8.90,45576.90,Partially_Shipped
340,SO-20250122092035-101,FPC_ML4_MPI12,53,15.20,805.60,Partially_Shipped
355,SO-20250123162846-238,MODULE_SENSOR_A,303,45.00,13635.00,Partially_Shipped
360,SO-20250124155459-772,ASSY01_FPC_SL_PI18,143,7.80,1115.40,Partially_Shipped
392,SO-20250129123136-223,ASSY01_FPC_SL_PI18,187,7.80,1458.60,Partially_Shipped
393,SO-20250129123136-223,ASSY01_FPC_SL_PI18,258,7.80,2012.40,Partially_Shipped
390,SO-20250129161829-788,MODULE_SENSOR_A,354,45.00,15930.00,Partially_Shipped
365,SO-20250126083943-189,FPC_DL_PI35,464,5.75,2668.00,Partially_Shipped
357,SO-20250124161751-374,FPC_SL_LCP9_HF,1650,8.90,14685.00,Partially_Shipped
358,SO-20250124161751-374,ASSY02_FPC_ML4_MPI12,127,25.50,3238.50,Partially_Shipped
346,SO-20250122143847-233,FPC_DL_PI35,278,5.75,1598.50,Partially_Shipped
397,SO-20250130121829-733,ASSY01_FPC_SL_PI18,334,7.80,2605.20,Partially_Shipped
400,SO-20250130151727-474,FPC_SL_PI18,182,2.50,455.00,Partially_Shipped
401,SO-20250130151727-474,FPC_DL_PI35,237,5.75,1362.75,Partially_Shipped
408,SO-20250131115204-154,ASSY01_FPC_SL_PI18,3603,7.80,28103.40,Partially_Shipped
402,SO-20250130080619-945,FPC_SL_PI18,238,2.50,595.00,Partially_Shipped
382,SO-20250128125232-141,FPC_SL_LCP9_HF,125,8.90,1112.50,Partially_Shipped
377,SO-20250128131624-381,ASSY01_FPC_SL_PI18,1077,7.80,8400.60,Partially_Shipped
363,SO-20250125134809-578,ASSY01_FPC_SL_PI18,215,7.80,1677.00,Partially_Shipped
364,SO-20250125144059-894,ASSY02_FPC_ML4_MPI12,264,25.50,6732.00,Partially_Shipped
378,SO-20250128091544-342,FPC_SL_LCP9_HF,5980,8.90,53222.00,Partially_Shipped
376,SO-20250128131624-381,MODULE_SENSOR_A,479,45.00,21555.00,Partially_Shipped
412,SO-20250201080126-258,FPC_ML4_MPI12,153,15.20,2325.60,Partially_Shipped
407,SO-20250131125255-282,FPC_SL_LCP9_HF,3740,8.90,33286.00,Partially_Shipped
380,SO-20250128125232-141,MODULE_SENSOR_A,148,45.00,6660.00,Partially_Shipped
383,SO-20250128083214-386,ASSY02_FPC_ML4_MPI12,4418,25.50,112659.00,Partially_Shipped
453,SO-20250208133603-419,FPC_SL_LCP9_HF,319,8.90,2839.10,Partially_Shipped
457,SO-20250209080110-417,MODULE_SENSOR_A,441,45.00,19845.00,Partially_Shipped
411,SO-20250201161234-251,ASSY02_FPC_ML4_MPI12,226,25.50,5763.00,Partially_Shipped
367,SO-20250126131733-553,FPC_SL_LCP9_HF,5195,8.90,46235.50,Partially_Shipped
447,SO-20250208152755-359,FPC_SL_LCP9_HF,432,8.90,3844.80,Partially_Shipped
458,SO-20250209134122-415,FPC_SL_PI18,4447,2.50,11117.50,Partially_Shipped
419,SO-20250202091745-304,FPC_SL_LCP9_HF,75,8.90,667.50,Partially_Shipped
463,SO-20250210114303-535,MODULE_SENSOR_A,128,45.00,5760.00,Partially_Shipped
441,SO-20250207101441-552,FPC_ML4_MPI12,149,15.20,2264.80,Partially_Shipped
469,SO-20250212103154-559,FPC_SL_LCP9_HF,209,8.90,1860.10,Partially_Shipped
417,SO-20250202154403-987,ASSY01_FPC_SL_PI18,1176,7.80,9172.80,Partially_Shipped
461,SO-20250210114303-535,FPC_DL_PI35,172,5.75,989.00,Partially_Shipped
466,SO-20250211094358-916,MODULE_SENSOR_A,9828,45.00,442260.00,Partially_Shipped
467,SO-20250211094358-916,ASSY01_FPC_SL_PI18,6377,7.80,49740.60,Partially_Shipped
437,SO-20250206130143-341,FPC_DL_PI35,213,5.75,1224.75,Partially_Shipped
465,SO-20250211091005-690,FPC_DL_PI35,4579,5.75,26329.25,Partially_Shipped
415,SO-20250201125330-361,ASSY02_FPC_ML4_MPI12,284,25.50,7242.00,Partially_Shipped
409,SO-20250131115204-154,ASSY01_FPC_SL_PI18,1713,7.80,13361.40,Partially_Shipped
462,SO-20250210114303-535,FPC_SL_PI18,3897,2.50,9742.50,Partially_Shipped
451,SO-20250208133603-419,ASSY01_FPC_SL_PI18,409,7.80,3190.20,Partially_Shipped
420,SO-20250202091745-304,FPC_ML4_MPI12,6334,15.20,96276.80,Partially_Shipped
414,SO-20250201125330-361,FPC_ML4_MPI12,4643,15.20,70573.60,Partially_Shipped
435,SO-20250206145544-985,FPC_SL_PI18,266,2.50,665.00,Partially_Shipped
440,SO-20250207121020-206,MODULE_SENSOR_A,1526,45.00,68670.00,Partially_Shipped
454,SO-20250208132743-530,FPC_ML4_MPI12,405,15.20,6156.00,Partially_Shipped
446,SO-20250208152755-359,MODULE_SENSOR_A,419,45.00,18855.00,Partially_Shipped
422,SO-20250203133139-888,FPC_DL_PI35,380,5.75,2185.00,Partially_Shipped
445,SO-20250208152755-359,MODULE_SENSOR_A,9816,45.00,441720.00,Partially_Shipped
423,SO-20250204161300-851,FPC_SL_PI18,3586,2.50,8965.00,Partially_Shipped
416,SO-20250202154403-987,FPC_ML4_MPI12,7728,15.20,117465.60,Partially_Shipped
421,SO-20250203133139-888,MODULE_SENSOR_A,433,45.00,19485.00,Partially_Shipped
444,SO-20250207102557-621,FPC_SL_PI18,50,2.50,125.00,Partially_Shipped
449,SO-20250208084915-620,FPC_SL_LCP9_HF,124,8.90,1103.60,Partially_Shipped
455,SO-20250209160018-703,FPC_SL_PI18,3744,2.50,9360.00,Partially_Shipped
442,SO-20250207101441-552,MODULE_SENSOR_A,196,45.00,8820.00,Partially_Shipped
460,SO-20250209134122-415,FPC_SL_PI18,2814,2.50,7035.00,Partially_Shipped
448,SO-20250208084915-620,FPC_ML4_MPI12,336,15.20,5107.20,Partially_Shipped
470,SO-20250212103154-559,FPC_ML4_MPI12,335,15.20,5092.00,Partially_Shipped
473,SO-20250213154855-251,MODULE_SENSOR_A,282,45.00,12690.00,Partially_Shipped
475,SO-20250213150853-307,ASSY02_FPC_ML4_MPI12,71,25.50,1810.50,Partially_Shipped
413,SO-20250201080126-258,FPC_DL_PI35,9984,5.75,57408.00,Partially_Shipped
430,SO-20250205142430-612,FPC_ML4_MPI12,3028,15.20,46025.60,Partially_Shipped
425,SO-20250204125001-268,ASSY01_FPC_SL_PI18,4991,7.80,38929.80,Partially_Shipped
431,SO-20250205113206-562,FPC_SL_LCP9_HF,9082,8.90,80829.80,Partially_Shipped
418,SO-20250202154403-987,FPC_DL_PI35,380,5.75,2185.00,Partially_Shipped
429,SO-20250205142430-612,FPC_DL_PI35,51,5.75,293.25,Partially_Shipped
424,SO-20250204161300-851,ASSY01_FPC_SL_PI18,135,7.80,1053.00,Partially_Shipped
427,SO-20250204122457-377,FPC_DL_PI35,149,5.75,856.75,Partially_Shipped
436,SO-20250206140608-136,FPC_DL_PI35,101,5.75,580.75,Partially_Shipped
438,SO-20250206130143-341,FPC_SL_PI18,279,2.50,697.50,Partially_Shipped
428,SO-20250204122457-377,MODULE_SENSOR_A,256,45.00,11520.00,Partially_Shipped
471,SO-20250212085402-432,FPC_DL_PI35,342,5.75,1966.50,Partially_Shipped
443,SO-20250207101441-552,FPC_SL_PI18,7060,2.50,17650.00,Partially_Shipped
450,SO-20250208084915-620,FPC_ML4_MPI12,2817,15.20,42818.40,Partially_Shipped
452,SO-20250208133603-419,FPC_DL_PI35,137,5.75,787.75,Partially_Shipped
426,SO-20250204122457-377,FPC_ML4_MPI12,203,15.20,3085.60,Partially_Shipped
478,SO-20250213165448-285,ASSY02_FPC_ML4_MPI12,8462,25.50,215781.00,Partially_Shipped
456,SO-20250209160018-703,FPC_SL_PI18,268,2.50,670.00,Partially_Shipped
474,SO-20250213150853-307,ASSY01_FPC_SL_PI18,450,7.80,3510.00,Partially_Shipped
439,SO-20250206130143-341,ASSY02_FPC_ML4_MPI12,8056,25.50,205428.00,Partially_Shipped
433,SO-20250206092546-116,FPC_SL_PI18,4930,2.50,12325.00,Partially_Shipped
434,SO-20250206145544-985,FPC_SL_PI18,393,2.50,982.50,Partially_Shipped
477,SO-20250213165448-285,FPC_SL_LCP9_HF,490,8.90,4361.00,Partially_Shipped
476,SO-20250213165448-285,ASSY02_FPC_ML4_MPI12,5502,25.50,140301.00,Partially_Shipped
468,SO-20250212103154-559,FPC_ML4_MPI12,97,15.20,1474.40,Partially_Shipped
459,SO-20250209134122-415,FPC_ML4_MPI12,5887,15.20,89482.40,Partially_Shipped
432,SO-20250206092546-116,ASSY02_FPC_ML4_MPI12,356,25.50,9078.00,Partially_Shipped
464,SO-20250210100941-427,ASSY01_FPC_SL_PI18,457,7.80,3564.60,Partially_Shipped
497,SO-20250217082214-833,ASSY02_FPC_ML4_MPI12,409,25.50,10429.50,Partially_Shipped
509,SO-20250219113958-703,FPC_ML4_MPI12,180,15.20,2736.00,Partially_Shipped
511,SO-20250219085333-292,MODULE_SENSOR_A,448,45.00,20160.00,Partially_Shipped
514,SO-20250219163036-486,FPC_SL_LCP9_HF,333,8.90,2963.70,Partially_Shipped
512,SO-20250219163036-486,ASSY01_FPC_SL_PI18,356,7.80,2776.80,Partially_Shipped
518,SO-20250220114031-797,FPC_DL_PI35,4578,5.75,26323.50,Partially_Shipped
525,SO-20250221093620-487,ASSY01_FPC_SL_PI18,6078,7.80,47408.40,Partially_Shipped
542,SO-20250224154202-135,FPC_SL_LCP9_HF,354,8.90,3150.60,Partially_Shipped
522,SO-20250220165533-481,ASSY01_FPC_SL_PI18,263,7.80,2051.40,Partially_Shipped
493,SO-20250216163224-807,ASSY02_FPC_ML4_MPI12,67,25.50,1708.50,Partially_Shipped
534,SO-20250223164102-504,ASSY02_FPC_ML4_MPI12,1137,25.50,28993.50,Partially_Shipped
480,SO-20250214163741-423,ASSY01_FPC_SL_PI18,2638,7.80,20576.40,Partially_Shipped
523,SO-20250220165533-481,FPC_SL_LCP9_HF,94,8.90,836.60,Partially_Shipped
496,SO-20250216112227-375,FPC_ML4_MPI12,209,15.20,3176.80,Partially_Shipped
524,SO-20250220165533-481,ASSY01_FPC_SL_PI18,246,7.80,1918.80,Partially_Shipped
498,SO-20250217121028-309,FPC_ML4_MPI12,293,15.20,4453.60,Partially_Shipped
515,SO-20250220104316-772,FPC_ML4_MPI12,71,15.20,1079.20,Partially_Shipped
472,SO-20250213154855-251,ASSY01_FPC_SL_PI18,312,7.80,2433.60,Partially_Shipped
481,SO-20250214163741-423,FPC_DL_PI35,1951,5.75,11218.25,Partially_Shipped
485,SO-20250214163833-773,ASSY02_FPC_ML4_MPI12,207,25.50,5278.50,Partially_Shipped
532,SO-20250222134112-344,FPC_DL_PI35,5641,5.75,32435.75,Partially_Shipped
539,SO-20250224093646-655,MODULE_SENSOR_A,53,45.00,2385.00,Partially_Shipped
530,SO-20250222110625-793,FPC_SL_LCP9_HF,268,8.90,2385.20,Partially_Shipped
484,SO-20250214123612-840,FPC_DL_PI35,3097,5.75,17807.75,Partially_Shipped
488,SO-20250215100229-909,FPC_DL_PI35,160,5.75,920.00,Partially_Shipped
491,SO-20250215152707-178,ASSY02_FPC_ML4_MPI12,1609,25.50,41029.50,Partially_Shipped
517,SO-20250220114031-797,FPC_SL_LCP9_HF,1355,8.90,12059.50,Partially_Shipped
529,SO-20250222110625-793,FPC_DL_PI35,4086,5.75,23494.50,Partially_Shipped
479,SO-20250214163741-423,ASSY02_FPC_ML4_MPI12,1945,25.50,49597.50,Partially_Shipped
487,SO-20250215100229-909,FPC_SL_PI18,4654,2.50,11635.00,Partially_Shipped
490,SO-20250215150110-538,MODULE_SENSOR_A,1603,45.00,72135.00,Partially_Shipped
494,SO-20250216163224-807,FPC_SL_LCP9_HF,88,8.90,783.20,Partially_Shipped
526,SO-20250221150605-547,ASSY01_FPC_SL_PI18,371,7.80,2893.80,Partially_Shipped
531,SO-20250222110625-793,FPC_SL_PI18,476,2.50,1190.00,Partially_Shipped
520,SO-20250220080209-501,FPC_SL_LCP9_HF,431,8.90,3835.90,Partially_Shipped
528,SO-20250221145625-169,FPC_SL_PI18,3512,2.50,8780.00,Partially_Shipped
521,SO-20250220080209-501,ASSY01_FPC_SL_PI18,236,7.80,1840.80,Partially_Shipped
516,SO-20250220114031-797,MODULE_SENSOR_A,74,45.00,3330.00,Partially_Shipped
508,SO-20250219113958-703,MODULE_SENSOR_A,201,45.00,9045.00,Partially_Shipped
543,SO-20250224084236-439,FPC_SL_LCP9_HF,73,8.90,649.70,Partially_Shipped
489,SO-20250215150110-538,FPC_SL_PI18,265,2.50,662.50,Partially_Shipped
537,SO-20250223132504-183,FPC_SL_PI18,343,2.50,857.50,Partially_Shipped
527,SO-20250221145625-169,FPC_ML4_MPI12,4878,15.20,74145.60,Partially_Shipped
547,SO-20250225092519-356,FPC_SL_PI18,381,2.50,952.50,Partially_Shipped
503,SO-20250218135515-491,FPC_DL_PI35,287,5.75,1650.25,Partially_Shipped
502,SO-20250218135515-491,FPC_SL_LCP9_HF,118,8.90,1050.20,Partially_Shipped
501,SO-20250218135515-491,FPC_SL_LCP9_HF,138,8.90,1228.20,Partially_Shipped
482,SO-20250214123612-840,ASSY01_FPC_SL_PI18,1234,7.80,9625.20,Partially_Shipped
483,SO-20250214123612-840,FPC_SL_PI18,84,2.50,210.00,Partially_Shipped
495,SO-20250216112227-375,ASSY02_FPC_ML4_MPI12,4142,25.50,105621.00,Partially_Shipped
519,SO-20250220083402-306,FPC_DL_PI35,141,5.75,810.75,Partially_Shipped
504,SO-20250218103346-458,FPC_SL_PI18,217,2.50,542.50,Partially_Shipped
486,SO-20250215100229-909,FPC_SL_PI18,397,2.50,992.50,Partially_Shipped
492,SO-20250215152707-178,ASSY01_FPC_SL_PI18,284,7.80,2215.20,Partially_Shipped
506,SO-20250219090903-330,FPC_DL_PI35,298,5.75,1713.50,Partially_Shipped
510,SO-20250219113958-703,FPC_DL_PI35,4322,5.75,24851.50,Partially_Shipped
541,SO-20250224093646-655,ASSY02_FPC_ML4_MPI12,168,25.50,4284.00,Partially_Shipped
546,SO-20250225092519-356,FPC_SL_LCP9_HF,2711,8.90,24127.90,Partially_Shipped
499,SO-20250217121028-309,FPC_ML4_MPI12,4166,15.20,63323.20,Partially_Shipped
507,SO-20250219090903-330,FPC_SL_LCP9_HF,273,8.90,2429.70,Partially_Shipped
513,SO-20250219163036-486,MODULE_SENSOR_A,160,45.00,7200.00,Partially_Shipped
538,SO-20250223145845-425,FPC_SL_PI18,338,2.50,845.00,Partially_Shipped
535,SO-20250223132504-183,FPC_DL_PI35,458,5.75,2633.50,Partially_Shipped
536,SO-20250223132504-183,ASSY01_FPC_SL_PI18,137,7.80,1068.60,Partially_Shipped
500,SO-20250217083924-118,ASSY02_FPC_ML4_MPI12,9264,25.50,236232.00,Partially_Shipped
548,SO-20250225082658-776,MODULE_SENSOR_A,1168,45.00,52560.00,Partially_Shipped
540,SO-20250224093646-655,ASSY02_FPC_ML4_MPI12,314,25.50,8007.00,Partially_Shipped
505,SO-20250219090903-330,FPC_ML4_MPI12,117,15.20,1778.40,Partially_Shipped
545,SO-20250225121728-150,FPC_SL_PI18,329,2.50,822.50,Partially_Shipped
556,SO-20250227094514-375,FPC_DL_PI35,282,5.75,1621.50,Partially_Shipped
551,SO-20250226110354-465,FPC_ML4_MPI12,325,15.20,4940.00,Partially_Shipped
553,SO-20250226164053-707,ASSY02_FPC_ML4_MPI12,7519,25.50,191734.50,Partially_Shipped
595,SO-20250309113624-992,FPC_ML4_MPI12,94,15.20,1428.80,Partially_Shipped
559,SO-20250227125635-756,ASSY02_FPC_ML4_MPI12,203,25.50,5176.50,Partially_Shipped
533,SO-20250223164102-504,ASSY01_FPC_SL_PI18,271,7.80,2113.80,Partially_Shipped
585,SO-20250307080619-519,FPC_SL_LCP9_HF,90,8.90,801.00,Partially_Shipped
597,SO-20250309154639-657,FPC_SL_LCP9_HF,8450,8.90,75205.00,Partially_Shipped
568,SO-20250302124606-289,FPC_SL_PI18,2672,2.50,6680.00,Partially_Shipped
574,SO-20250304091345-705,MODULE_SENSOR_A,85,45.00,3825.00,Partially_Shipped
552,SO-20250226082008-572,ASSY02_FPC_ML4_MPI12,461,25.50,11755.50,Partially_Shipped
570,SO-20250303153953-619,FPC_DL_PI35,172,5.75,989.00,Partially_Shipped
573,SO-20250303094600-874,ASSY01_FPC_SL_PI18,3363,7.80,26231.40,Partially_Shipped
578,SO-20250305122158-387,ASSY01_FPC_SL_PI18,121,7.80,943.80,Partially_Shipped
544,SO-20250225121728-150,ASSY02_FPC_ML4_MPI12,404,25.50,10302.00,Partially_Shipped
554,SO-20250226164053-707,ASSY02_FPC_ML4_MPI12,396,25.50,10098.00,Partially_Shipped
549,SO-20250225082658-776,FPC_SL_PI18,385,2.50,962.50,Partially_Shipped
550,SO-20250225082658-776,MODULE_SENSOR_A,103,45.00,4635.00,Partially_Shipped
587,SO-20250307101609-339,FPC_DL_PI35,190,5.75,1092.50,Partially_Shipped
588,SO-20250307101609-339,ASSY01_FPC_SL_PI18,3431,7.80,26761.80,Partially_Shipped
590,SO-20250308162259-259,MODULE_SENSOR_A,218,45.00,9810.00,Partially_Shipped
571,SO-20250303094600-874,FPC_SL_PI18,5863,2.50,14657.50,Partially_Shipped
557,SO-20250227085200-191,FPC_DL_PI35,436,5.75,2507.00,Partially_Shipped
558,SO-20250227125635-756,ASSY01_FPC_SL_PI18,116,7.80,904.80,Partially_Shipped
555,SO-20250226164053-707,ASSY02_FPC_ML4_MPI12,115,25.50,2932.50,Partially_Shipped
572,SO-20250303094600-874,ASSY02_FPC_ML4_MPI12,1117,25.50,28483.50,Partially_Shipped
560,SO-20250228161827-473,MODULE_SENSOR_A,3412,45.00,153540.00,Partially_Shipped
562,SO-20250228163653-229,FPC_DL_PI35,278,5.75,1598.50,Partially_Shipped
561,SO-20250228161827-473,ASSY01_FPC_SL_PI18,206,7.80,1606.80,Partially_Shipped
603,SO-20250310131103-344,FPC_DL_PI35,305,5.75,1753.75,Partially_Shipped
564,SO-20250301102053-102,FPC_SL_LCP9_HF,300,8.90,2670.00,Partially_Shipped
565,SO-20250301102053-102,ASSY02_FPC_ML4_MPI12,353,25.50,9001.50,Partially_Shipped
563,SO-20250228163653-229,FPC_SL_LCP9_HF,107,8.90,952.30,Partially_Shipped
604,SO-20250311105641-556,MODULE_SENSOR_A,472,45.00,21240.00,Partially_Shipped
581,SO-20250306112131-972,FPC_DL_PI35,4281,5.75,24615.75,Partially_Shipped
591,SO-20250308153834-488,ASSY01_FPC_SL_PI18,8455,7.80,65949.00,Partially_Shipped
602,SO-20250310131103-344,FPC_SL_LCP9_HF,7270,8.90,64703.00,Partially_Shipped
589,SO-20250307101609-339,FPC_ML4_MPI12,93,15.20,1413.60,Partially_Shipped
566,SO-20250302124606-289,FPC_DL_PI35,8524,5.75,49013.00,Partially_Shipped
577,SO-20250304151736-185,ASSY01_FPC_SL_PI18,338,7.80,2636.40,Partially_Shipped
593,SO-20250309113624-992,FPC_SL_LCP9_HF,224,8.90,1993.60,Partially_Shipped
598,SO-20250310093657-907,FPC_DL_PI35,384,5.75,2208.00,Partially_Shipped
607,SO-20250311161918-720,FPC_ML4_MPI12,128,15.20,1945.60,Partially_Shipped
601,SO-20250310152828-727,ASSY01_FPC_SL_PI18,54,7.80,421.20,Partially_Shipped
609,SO-20250312122629-329,ASSY01_FPC_SL_PI18,1044,7.80,8143.20,Partially_Shipped
582,SO-20250306112131-972,FPC_SL_LCP9_HF,4377,8.90,38955.30,Partially_Shipped
579,SO-20250305083718-198,MODULE_SENSOR_A,8630,45.00,388350.00,Partially_Shipped
567,SO-20250302124606-289,FPC_ML4_MPI12,131,15.20,1991.20,Partially_Shipped
612,SO-20250312124838-402,FPC_DL_PI35,306,5.75,1759.50,Partially_Shipped
599,SO-20250310093657-907,ASSY02_FPC_ML4_MPI12,273,25.50,6961.50,Partially_Shipped
584,SO-20250307080619-519,FPC_ML4_MPI12,51,15.20,775.20,Partially_Shipped
596,SO-20250309154639-657,FPC_SL_PI18,218,2.50,545.00,Partially_Shipped
569,SO-20250303153953-619,FPC_DL_PI35,177,5.75,1017.75,Partially_Shipped
575,SO-20250304123852-635,FPC_SL_LCP9_HF,4887,8.90,43494.30,Partially_Shipped
576,SO-20250304123852-635,MODULE_SENSOR_A,2407,45.00,108315.00,Partially_Shipped
583,SO-20250307080619-519,FPC_SL_PI18,3521,2.50,8802.50,Partially_Shipped
614,SO-20250312082623-847,FPC_ML4_MPI12,8209,15.20,124776.80,Partially_Shipped
611,SO-20250312124838-402,FPC_ML4_MPI12,296,15.20,4499.20,Partially_Shipped
608,SO-20250311161918-720,FPC_SL_LCP9_HF,279,8.90,2483.10,Partially_Shipped
592,SO-20250308153834-488,ASSY02_FPC_ML4_MPI12,356,25.50,9078.00,Partially_Shipped
613,SO-20250312082623-847,ASSY02_FPC_ML4_MPI12,2811,25.50,71680.50,Partially_Shipped
594,SO-20250309113624-992,FPC_ML4_MPI12,4716,15.20,71683.20,Partially_Shipped
605,SO-20250311105641-556,FPC_DL_PI35,7979,5.75,45879.25,Partially_Shipped
600,SO-20250310152828-727,ASSY02_FPC_ML4_MPI12,1884,25.50,48042.00,Partially_Shipped
606,SO-20250311161918-720,FPC_SL_LCP9_HF,283,8.90,2518.70,Partially_Shipped
586,SO-20250307133445-873,FPC_ML4_MPI12,7295,15.20,110884.00,Partially_Shipped
580,SO-20250306112131-972,FPC_SL_LCP9_HF,170,8.90,1513.00,Partially_Shipped
654,SO-20250320084115-447,ASSY01_FPC_SL_PI18,229,7.80,1786.20,Partially_Shipped
656,SO-20250320084115-447,ASSY02_FPC_ML4_MPI12,9826,25.50,250563.00,Partially_Shipped
668,SO-20250324151110-353,MODULE_SENSOR_A,325,45.00,14625.00,Partially_Shipped
662,SO-20250321131521-115,MODULE_SENSOR_A,468,45.00,21060.00,Partially_Shipped
634,SO-20250316150258-515,FPC_ML4_MPI12,465,15.20,7068.00,Partially_Shipped
663,SO-20250322101836-424,ASSY01_FPC_SL_PI18,3454,7.80,26941.20,Partially_Shipped
642,SO-20250317110912-944,FPC_SL_LCP9_HF,89,8.90,792.10,Partially_Shipped
644,SO-20250317091524-882,FPC_SL_PI18,5597,2.50,13992.50,Partially_Shipped
682,SO-20250325153435-986,MODULE_SENSOR_A,482,45.00,21690.00,Partially_Shipped
610,SO-20250312122629-329,ASSY02_FPC_ML4_MPI12,205,25.50,5227.50,Partially_Shipped
653,SO-20250320163324-247,ASSY02_FPC_ML4_MPI12,292,25.50,7446.00,Partially_Shipped
666,SO-20250323100308-657,FPC_SL_PI18,394,2.50,985.00,Partially_Shipped
615,SO-20250313124327-790,FPC_DL_PI35,2960,5.75,17020.00,Partially_Shipped
617,SO-20250313094509-760,FPC_SL_PI18,373,2.50,932.50,Partially_Shipped
640,SO-20250317155704-244,MODULE_SENSOR_A,6286,45.00,282870.00,Partially_Shipped
649,SO-20250318101114-392,FPC_SL_LCP9_HF,324,8.90,2883.60,Partially_Shipped
646,SO-20250318125341-142,MODULE_SENSOR_A,101,45.00,4545.00,Partially_Shipped
647,SO-20250318154418-549,MODULE_SENSOR_A,338,45.00,15210.00,Partially_Shipped
620,SO-20250313152030-441,ASSY02_FPC_ML4_MPI12,386,25.50,9843.00,Partially_Shipped
619,SO-20250313094509-760,MODULE_SENSOR_A,145,45.00,6525.00,Partially_Shipped
625,SO-20250315105803-379,ASSY02_FPC_ML4_MPI12,9325,25.50,237787.50,Partially_Shipped
648,SO-20250318101114-392,ASSY01_FPC_SL_PI18,7795,7.80,60801.00,Partially_Shipped
651,SO-20250319090840-752,FPC_DL_PI35,334,5.75,1920.50,Processing
621,SO-20250313152030-441,FPC_SL_PI18,324,2.50,810.00,Partially_Shipped
622,SO-20250314145129-452,FPC_SL_LCP9_HF,473,8.90,4209.70,Partially_Shipped
623,SO-20250314103236-200,FPC_ML4_MPI12,1563,15.20,23757.60,Partially_Shipped
627,SO-20250315155829-153,ASSY01_FPC_SL_PI18,7881,7.80,61471.80,Partially_Shipped
616,SO-20250313124327-790,FPC_ML4_MPI12,474,15.20,7204.80,Partially_Shipped
661,SO-20250321130840-328,FPC_DL_PI35,454,5.75,2610.50,Partially_Shipped
671,SO-20250324080009-873,ASSY02_FPC_ML4_MPI12,498,25.50,12699.00,Partially_Shipped
652,SO-20250320163324-247,FPC_ML4_MPI12,2407,15.20,36586.40,Partially_Shipped
643,SO-20250317091524-882,ASSY01_FPC_SL_PI18,1246,7.80,9718.80,Partially_Shipped
655,SO-20250320084115-447,FPC_SL_PI18,234,2.50,585.00,Partially_Shipped
650,SO-20250319090840-752,FPC_SL_PI18,5702,2.50,14255.00,Partially_Shipped
660,SO-20250321130840-328,FPC_ML4_MPI12,8775,15.20,133380.00,Partially_Shipped
629,SO-20250315163821-361,FPC_DL_PI35,2448,5.75,14076.00,Partially_Shipped
632,SO-20250315084853-105,MODULE_SENSOR_A,174,45.00,7830.00,Partially_Shipped
618,SO-20250313094509-760,FPC_SL_PI18,3233,2.50,8082.50,Partially_Shipped
633,SO-20250316142122-472,ASSY01_FPC_SL_PI18,326,7.80,2542.80,Partially_Shipped
635,SO-20250316150258-515,ASSY01_FPC_SL_PI18,5146,7.80,40138.80,Partially_Shipped
630,SO-20250315084853-105,FPC_ML4_MPI12,1452,15.20,22070.40,Partially_Shipped
628,SO-20250315163821-361,ASSY02_FPC_ML4_MPI12,168,25.50,4284.00,Partially_Shipped
645,SO-20250318125341-142,ASSY01_FPC_SL_PI18,113,7.80,881.40,Partially_Shipped
667,SO-20250323100308-657,FPC_SL_PI18,6389,2.50,15972.50,Partially_Shipped
624,SO-20250315105803-379,MODULE_SENSOR_A,420,45.00,18900.00,Partially_Shipped
626,SO-20250315155829-153,FPC_SL_LCP9_HF,409,8.90,3640.10,Partially_Shipped
631,SO-20250315084853-105,ASSY02_FPC_ML4_MPI12,98,25.50,2499.00,Partially_Shipped
637,SO-20250317114913-811,FPC_SL_LCP9_HF,250,8.90,2225.00,Partially_Shipped
639,SO-20250317155704-244,FPC_SL_PI18,5872,2.50,14680.00,Partially_Shipped
638,SO-20250317155704-244,FPC_SL_LCP9_HF,411,8.90,3657.90,Partially_Shipped
659,SO-20250320154026-282,FPC_DL_PI35,332,5.75,1909.00,Partially_Shipped
641,SO-20250317110912-944,ASSY02_FPC_ML4_MPI12,472,25.50,12036.00,Partially_Shipped
674,SO-20250324152522-520,FPC_DL_PI35,2903,5.75,16692.25,Partially_Shipped
678,SO-20250325162444-792,FPC_DL_PI35,5624,5.75,32338.00,Partially_Shipped
675,SO-20250324152522-520,FPC_SL_LCP9_HF,7884,8.90,70167.60,Partially_Shipped
665,SO-20250323100308-657,FPC_ML4_MPI12,3189,15.20,48472.80,Partially_Shipped
669,SO-20250324151110-353,ASSY02_FPC_ML4_MPI12,366,25.50,9333.00,Partially_Shipped
679,SO-20250325162444-792,FPC_ML4_MPI12,103,15.20,1565.60,Partially_Shipped
664,SO-20250322164023-285,ASSY01_FPC_SL_PI18,480,7.80,3744.00,Partially_Shipped
673,SO-20250324080009-873,FPC_ML4_MPI12,375,15.20,5700.00,Partially_Shipped
680,SO-20250325153435-986,FPC_SL_PI18,313,2.50,782.50,Partially_Shipped
636,SO-20250317114913-811,FPC_SL_PI18,182,2.50,455.00,Partially_Shipped
681,SO-20250325153435-986,FPC_SL_PI18,80,2.50,200.00,Partially_Shipped
677,SO-20250325162444-792,MODULE_SENSOR_A,159,45.00,7155.00,Partially_Shipped
670,SO-20250324151110-353,ASSY02_FPC_ML4_MPI12,337,25.50,8593.50,Partially_Shipped
672,SO-20250324080009-873,MODULE_SENSOR_A,199,45.00,8955.00,Partially_Shipped
657,SO-20250320154026-282,FPC_ML4_MPI12,7453,15.20,113285.60,Partially_Shipped
658,SO-20250320154026-282,FPC_SL_LCP9_HF,2554,8.90,22730.60,Partially_Shipped
726,SO-20250403080224-582,FPC_DL_PI35,3638,5.75,20918.50,Partially_Shipped
732,SO-20250405163656-283,ASSY02_FPC_ML4_MPI12,9229,25.50,235339.50,Partially_Shipped
688,SO-20250327091119-210,ASSY01_FPC_SL_PI18,336,7.80,2620.80,Partially_Shipped
710,SO-20250331080941-556,FPC_ML4_MPI12,66,15.20,1003.20,Partially_Shipped
709,SO-20250331080941-556,ASSY01_FPC_SL_PI18,7347,7.80,57306.60,Partially_Shipped
694,SO-20250328095320-902,FPC_SL_LCP9_HF,4421,8.90,39346.90,Partially_Shipped
701,SO-20250329133648-384,FPC_ML4_MPI12,143,15.20,2173.60,Partially_Shipped
700,SO-20250329133648-384,FPC_ML4_MPI12,314,15.20,4772.80,Partially_Shipped
703,SO-20250329084446-633,FPC_DL_PI35,333,5.75,1914.75,Partially_Shipped
702,SO-20250329084446-633,FPC_DL_PI35,282,5.75,1621.50,Partially_Shipped
676,SO-20250324152522-520,ASSY02_FPC_ML4_MPI12,144,25.50,3672.00,Partially_Shipped
713,SO-20250331140211-458,FPC_DL_PI35,435,5.75,2501.25,Partially_Shipped
734,SO-20250405125855-311,ASSY02_FPC_ML4_MPI12,490,25.50,12495.00,Partially_Shipped
721,SO-20250402120822-925,FPC_SL_LCP9_HF,195,8.90,1735.50,Partially_Shipped
684,SO-20250326163522-344,ASSY02_FPC_ML4_MPI12,443,25.50,11296.50,Partially_Shipped
729,SO-20250405082810-914,MODULE_SENSOR_A,2642,45.00,118890.00,Partially_Shipped
711,SO-20250331080941-556,MODULE_SENSOR_A,8775,45.00,394875.00,Partially_Shipped
735,SO-20250406104909-867,FPC_SL_PI18,225,2.50,562.50,Partially_Shipped
741,SO-20250406110122-967,FPC_DL_PI35,408,5.75,2346.00,Partially_Shipped
749,SO-20250407130305-894,ASSY02_FPC_ML4_MPI12,258,25.50,6579.00,Partially_Shipped
687,SO-20250327105908-552,FPC_SL_LCP9_HF,450,8.90,4005.00,Partially_Shipped
691,SO-20250327145809-561,FPC_ML4_MPI12,130,15.20,1976.00,Partially_Shipped
736,SO-20250406104909-867,FPC_DL_PI35,108,5.75,621.00,Partially_Shipped
728,SO-20250404152548-816,FPC_DL_PI35,5938,5.75,34143.50,Partially_Shipped
745,SO-20250407145738-564,MODULE_SENSOR_A,185,45.00,8325.00,Partially_Shipped
708,SO-20250330150138-400,FPC_ML4_MPI12,482,15.20,7326.40,Partially_Shipped
716,SO-20250331083115-559,FPC_SL_LCP9_HF,383,8.90,3408.70,Partially_Shipped
706,SO-20250330163226-877,MODULE_SENSOR_A,356,45.00,16020.00,Partially_Shipped
723,SO-20250402113037-398,FPC_SL_LCP9_HF,3364,8.90,29939.60,Partially_Shipped
697,SO-20250328111754-572,MODULE_SENSOR_A,298,45.00,13410.00,Partially_Shipped
696,SO-20250328111754-572,ASSY02_FPC_ML4_MPI12,60,25.50,1530.00,Partially_Shipped
695,SO-20250328111754-572,ASSY02_FPC_ML4_MPI12,9217,25.50,235033.50,Partially_Shipped
718,SO-20250402141248-884,FPC_SL_LCP9_HF,380,8.90,3382.00,Partially_Shipped
698,SO-20250329103415-744,ASSY02_FPC_ML4_MPI12,363,25.50,9256.50,Partially_Shipped
689,SO-20250327091119-210,FPC_SL_LCP9_HF,74,8.90,658.60,Partially_Shipped
744,SO-20250407095909-638,FPC_ML4_MPI12,4373,15.20,66469.60,Partially_Shipped
730,SO-20250405082810-914,FPC_ML4_MPI12,468,15.20,7113.60,Partially_Shipped
733,SO-20250405125855-311,ASSY01_FPC_SL_PI18,421,7.80,3283.80,Partially_Shipped
720,SO-20250402120822-925,ASSY01_FPC_SL_PI18,211,7.80,1645.80,Partially_Shipped
719,SO-20250402120822-925,ASSY01_FPC_SL_PI18,285,7.80,2223.00,Partially_Shipped
737,SO-20250406131755-481,FPC_DL_PI35,473,5.75,2719.75,Partially_Shipped
685,SO-20250326163522-344,FPC_DL_PI35,257,5.75,1477.75,Partially_Shipped
683,SO-20250326083001-388,ASSY02_FPC_ML4_MPI12,8380,25.50,213690.00,Partially_Shipped
686,SO-20250327105908-552,FPC_SL_PI18,377,2.50,942.50,Partially_Shipped
727,SO-20250403154637-534,FPC_SL_LCP9_HF,205,8.90,1824.50,Partially_Shipped
724,SO-20250403094034-238,FPC_SL_LCP9_HF,7701,8.90,68538.90,Partially_Shipped
704,SO-20250330154947-232,FPC_SL_LCP9_HF,5273,8.90,46929.70,Partially_Shipped
692,SO-20250327145809-561,FPC_SL_PI18,419,2.50,1047.50,Partially_Shipped
690,SO-20250327091119-210,FPC_DL_PI35,456,5.75,2622.00,Partially_Shipped
751,SO-20250408162353-944,ASSY02_FPC_ML4_MPI12,9323,25.50,237736.50,Partially_Shipped
699,SO-20250329133648-384,FPC_ML4_MPI12,397,15.20,6034.40,Partially_Shipped
707,SO-20250330150138-400,FPC_SL_PI18,290,2.50,725.00,Partially_Shipped
715,SO-20250331083115-559,FPC_ML4_MPI12,284,15.20,4316.80,Partially_Shipped
714,SO-20250331083115-559,MODULE_SENSOR_A,323,45.00,14535.00,Partially_Shipped
693,SO-20250328095320-902,ASSY02_FPC_ML4_MPI12,213,25.50,5431.50,Partially_Shipped
712,SO-20250331140211-458,ASSY01_FPC_SL_PI18,325,7.80,2535.00,Partially_Shipped
747,SO-20250407133225-807,MODULE_SENSOR_A,50,45.00,2250.00,Partially_Shipped
739,SO-20250406110122-967,ASSY02_FPC_ML4_MPI12,69,25.50,1759.50,Partially_Shipped
731,SO-20250405082810-914,FPC_SL_LCP9_HF,486,8.90,4325.40,Partially_Shipped
717,SO-20250401133143-576,MODULE_SENSOR_A,169,45.00,7605.00,Partially_Shipped
705,SO-20250330154947-232,FPC_DL_PI35,8818,5.75,50703.50,Partially_Shipped
748,SO-20250407130305-894,ASSY02_FPC_ML4_MPI12,9727,25.50,248038.50,Partially_Shipped
740,SO-20250406110122-967,ASSY02_FPC_ML4_MPI12,311,25.50,7930.50,Partially_Shipped
738,SO-20250406131755-481,FPC_SL_PI18,3440,2.50,8600.00,Partially_Shipped
746,SO-20250407133225-807,FPC_DL_PI35,342,5.75,1966.50,Partially_Shipped
743,SO-20250407095909-638,FPC_ML4_MPI12,9082,15.20,138046.40,Partially_Shipped
725,SO-20250403094034-238,ASSY02_FPC_ML4_MPI12,414,25.50,10557.00,Partially_Shipped
722,SO-20250402113037-398,FPC_ML4_MPI12,2947,15.20,44794.40,Partially_Shipped
775,SO-20250412094308-107,FPC_SL_LCP9_HF,490,8.90,4361.00,Partially_Shipped
796,SO-20250417080230-744,FPC_ML4_MPI12,403,15.20,6125.60,Partially_Shipped
810,SO-20250418112820-825,FPC_ML4_MPI12,178,15.20,2705.60,Partially_Shipped
759,SO-20250409154131-234,MODULE_SENSOR_A,479,45.00,21555.00,Partially_Shipped
804,SO-20250418160859-292,FPC_SL_LCP9_HF,1040,8.90,9256.00,Partially_Shipped
817,SO-20250420165020-100,ASSY02_FPC_ML4_MPI12,4462,25.50,113781.00,Partially_Shipped
801,SO-20250418093004-880,FPC_ML4_MPI12,363,15.20,5517.60,Partially_Shipped
778,SO-20250413165720-254,ASSY02_FPC_ML4_MPI12,489,25.50,12469.50,Partially_Shipped
805,SO-20250418163951-931,FPC_ML4_MPI12,263,15.20,3997.60,Partially_Shipped
742,SO-20250407095909-638,ASSY02_FPC_ML4_MPI12,83,25.50,2116.50,Partially_Shipped
782,SO-20250414115823-501,FPC_SL_PI18,2882,2.50,7205.00,Partially_Shipped
781,SO-20250413123817-715,MODULE_SENSOR_A,4442,45.00,199890.00,Partially_Shipped
773,SO-20250412102720-819,FPC_SL_LCP9_HF,351,8.90,3123.90,Partially_Shipped
807,SO-20250418163951-931,FPC_SL_PI18,3381,2.50,8452.50,Partially_Shipped
753,SO-20250408131513-598,FPC_ML4_MPI12,82,15.20,1246.40,Partially_Shipped
757,SO-20250409131547-812,FPC_SL_PI18,274,2.50,685.00,Partially_Shipped
756,SO-20250409131547-812,ASSY02_FPC_ML4_MPI12,8482,25.50,216291.00,Partially_Shipped
761,SO-20250409154131-234,FPC_DL_PI35,480,5.75,2760.00,Partially_Shipped
814,SO-20250420103103-711,FPC_SL_LCP9_HF,306,8.90,2723.40,Partially_Shipped
791,SO-20250416111820-469,FPC_ML4_MPI12,405,15.20,6156.00,Partially_Shipped
774,SO-20250412102720-819,FPC_DL_PI35,3959,5.75,22764.25,Partially_Shipped
777,SO-20250413112424-579,ASSY01_FPC_SL_PI18,430,7.80,3354.00,Partially_Shipped
754,SO-20250408120041-523,ASSY01_FPC_SL_PI18,417,7.80,3252.60,Partially_Shipped
763,SO-20250410151739-817,FPC_SL_LCP9_HF,463,8.90,4120.70,Partially_Shipped
752,SO-20250408162353-944,FPC_ML4_MPI12,274,15.20,4164.80,Partially_Shipped
758,SO-20250409131547-812,FPC_DL_PI35,321,5.75,1845.75,Partially_Shipped
799,SO-20250417145546-474,FPC_SL_LCP9_HF,113,8.90,1005.70,Partially_Shipped
780,SO-20250413165720-254,FPC_SL_LCP9_HF,322,8.90,2865.80,Partially_Shipped
764,SO-20250410131246-687,FPC_DL_PI35,2688,5.75,15456.00,Partially_Shipped
768,SO-20250410083302-310,MODULE_SENSOR_A,441,45.00,19845.00,Partially_Shipped
770,SO-20250411102947-862,FPC_DL_PI35,8745,5.75,50283.75,Partially_Shipped
760,SO-20250409154131-234,FPC_SL_LCP9_HF,253,8.90,2251.70,Partially_Shipped
755,SO-20250408120041-523,FPC_ML4_MPI12,2988,15.20,45417.60,Partially_Shipped
789,SO-20250415114020-756,FPC_SL_LCP9_HF,55,8.90,489.50,Partially_Shipped
790,SO-20250415114020-756,ASSY02_FPC_ML4_MPI12,53,25.50,1351.50,Partially_Shipped
792,SO-20250416111820-469,ASSY01_FPC_SL_PI18,66,7.80,514.80,Partially_Shipped
794,SO-20250416083446-572,FPC_ML4_MPI12,1260,15.20,19152.00,Partially_Shipped
772,SO-20250411102947-862,FPC_ML4_MPI12,115,15.20,1748.00,Partially_Shipped
750,SO-20250408162353-944,ASSY01_FPC_SL_PI18,7747,7.80,60426.60,Partially_Shipped
788,SO-20250415114020-756,ASSY01_FPC_SL_PI18,379,7.80,2956.20,Partially_Shipped
779,SO-20250413165720-254,FPC_ML4_MPI12,419,15.20,6368.80,Partially_Shipped
795,SO-20250417120419-477,FPC_ML4_MPI12,5825,15.20,88540.00,Partially_Shipped
813,SO-20250419121118-490,FPC_SL_LCP9_HF,336,8.90,2990.40,Partially_Shipped
767,SO-20250410083302-310,FPC_SL_PI18,299,2.50,747.50,Partially_Shipped
765,SO-20250410140329-247,ASSY02_FPC_ML4_MPI12,404,25.50,10302.00,Partially_Shipped
785,SO-20250414113517-571,ASSY02_FPC_ML4_MPI12,9514,25.50,242607.00,Partially_Shipped
800,SO-20250418093004-880,FPC_ML4_MPI12,2694,15.20,40948.80,Partially_Shipped
809,SO-20250418112820-825,FPC_ML4_MPI12,4180,15.20,63536.00,Partially_Shipped
797,SO-20250417080230-744,ASSY02_FPC_ML4_MPI12,2796,25.50,71298.00,Partially_Shipped
783,SO-20250414115823-501,FPC_SL_PI18,330,2.50,825.00,Partially_Shipped
766,SO-20250410083302-310,MODULE_SENSOR_A,373,45.00,16785.00,Partially_Shipped
776,SO-20250413112424-579,FPC_ML4_MPI12,318,15.20,4833.60,Partially_Shipped
762,SO-20250410151739-817,MODULE_SENSOR_A,98,45.00,4410.00,Partially_Shipped
784,SO-20250414115823-501,FPC_SL_PI18,9029,2.50,22572.50,Partially_Shipped
806,SO-20250418163951-931,ASSY01_FPC_SL_PI18,290,7.80,2262.00,Partially_Shipped
803,SO-20250418160859-292,FPC_SL_PI18,155,2.50,387.50,Partially_Shipped
808,SO-20250418112820-825,ASSY02_FPC_ML4_MPI12,3940,25.50,100470.00,Partially_Shipped
816,SO-20250420165020-100,FPC_ML4_MPI12,7393,15.20,112373.60,Partially_Shipped
771,SO-20250411102947-862,MODULE_SENSOR_A,51,45.00,2295.00,Partially_Shipped
769,SO-20250411155758-737,ASSY01_FPC_SL_PI18,140,7.80,1092.00,Partially_Shipped
811,SO-20250419121118-490,ASSY01_FPC_SL_PI18,411,7.80,3205.80,Partially_Shipped
812,SO-20250419121118-490,FPC_DL_PI35,326,5.75,1874.50,Partially_Shipped
786,SO-20250414125830-724,ASSY01_FPC_SL_PI18,6571,7.80,51253.80,Partially_Shipped
802,SO-20250418093004-880,ASSY01_FPC_SL_PI18,246,7.80,1918.80,Partially_Shipped
819,SO-20250421140656-152,FPC_SL_PI18,133,2.50,332.50,Partially_Shipped
815,SO-20250420165020-100,FPC_SL_PI18,168,2.50,420.00,Partially_Shipped
787,SO-20250415095720-719,ASSY02_FPC_ML4_MPI12,1845,25.50,47047.50,Partially_Shipped
793,SO-20250416111820-469,FPC_DL_PI35,163,5.75,937.25,Partially_Shipped
830,SO-20250423163516-416,FPC_DL_PI35,68,5.75,391.00,Partially_Shipped
843,SO-20250427122358-131,ASSY01_FPC_SL_PI18,182,7.80,1419.60,Partially_Shipped
875,SO-20250503104148-644,FPC_ML4_MPI12,9668,15.20,146953.60,Partially_Shipped
865,SO-20250501083555-869,FPC_DL_PI35,123,5.75,707.25,Partially_Shipped
846,SO-20250427155706-967,MODULE_SENSOR_A,210,45.00,9450.00,Partially_Shipped
828,SO-20250423160054-344,FPC_ML4_MPI12,216,15.20,3283.20,Partially_Shipped
872,SO-20250502083149-522,FPC_DL_PI35,7397,5.75,42532.75,Partially_Shipped
873,SO-20250502083149-522,FPC_ML4_MPI12,3009,15.20,45736.80,Partially_Shipped
827,SO-20250423160054-344,FPC_SL_PI18,406,2.50,1015.00,Partially_Shipped
798,SO-20250417080230-744,FPC_SL_PI18,314,2.50,785.00,Partially_Shipped
840,SO-20250426153721-303,ASSY02_FPC_ML4_MPI12,195,25.50,4972.50,Partially_Shipped
863,SO-20250430115745-971,FPC_ML4_MPI12,8085,15.20,122892.00,Partially_Shipped
879,SO-20250503094252-779,FPC_SL_LCP9_HF,5497,8.90,48923.30,Partially_Shipped
869,SO-20250502080046-223,FPC_SL_LCP9_HF,439,8.90,3907.10,Partially_Shipped
878,SO-20250503151228-926,FPC_SL_LCP9_HF,497,8.90,4423.30,Partially_Shipped
823,SO-20250422082726-442,FPC_DL_PI35,8735,5.75,50226.25,Partially_Shipped
868,SO-20250502080046-223,MODULE_SENSOR_A,466,45.00,20970.00,Partially_Shipped
858,SO-20250429152428-385,ASSY02_FPC_ML4_MPI12,446,25.50,11373.00,Partially_Shipped
820,SO-20250421140656-152,FPC_SL_PI18,156,2.50,390.00,Partially_Shipped
824,SO-20250422122115-347,FPC_SL_PI18,6323,2.50,15807.50,Partially_Shipped
826,SO-20250423114739-753,FPC_SL_PI18,5677,2.50,14192.50,Partially_Shipped
825,SO-20250423114739-753,MODULE_SENSOR_A,318,45.00,14310.00,Partially_Shipped
861,SO-20250430093506-462,MODULE_SENSOR_A,168,45.00,7560.00,Partially_Shipped
874,SO-20250503104148-644,MODULE_SENSOR_A,231,45.00,10395.00,Partially_Shipped
834,SO-20250425131152-891,FPC_ML4_MPI12,330,15.20,5016.00,Partially_Shipped
883,SO-20250504084601-872,ASSY01_FPC_SL_PI18,442,7.80,3447.60,Partially_Shipped
853,SO-20250429125207-336,FPC_SL_LCP9_HF,5724,8.90,50943.60,Partially_Shipped
852,SO-20250429121512-626,FPC_SL_LCP9_HF,241,8.90,2144.90,Partially_Shipped
841,SO-20250426153721-303,FPC_DL_PI35,8581,5.75,49340.75,Partially_Shipped
818,SO-20250421140249-945,ASSY01_FPC_SL_PI18,195,7.80,1521.00,Partially_Shipped
821,SO-20250422114003-129,MODULE_SENSOR_A,8995,45.00,404775.00,Partially_Shipped
842,SO-20250427154247-636,FPC_SL_PI18,272,2.50,680.00,Partially_Shipped
857,SO-20250429152428-385,FPC_SL_LCP9_HF,499,8.90,4441.10,Partially_Shipped
864,SO-20250430115745-971,ASSY02_FPC_ML4_MPI12,1033,25.50,26341.50,Partially_Shipped
856,SO-20250429141252-491,FPC_ML4_MPI12,122,15.20,1854.40,Partially_Shipped
845,SO-20250427122358-131,ASSY01_FPC_SL_PI18,4453,7.80,34733.40,Partially_Shipped
859,SO-20250430093506-462,FPC_ML4_MPI12,259,15.20,3936.80,Partially_Shipped
862,SO-20250430115745-971,FPC_SL_LCP9_HF,286,8.90,2545.40,Partially_Shipped
855,SO-20250429141252-491,FPC_SL_PI18,84,2.50,210.00,Partially_Shipped
877,SO-20250503151228-926,FPC_SL_LCP9_HF,288,8.90,2563.20,Partially_Shipped
829,SO-20250423160054-344,FPC_ML4_MPI12,321,15.20,4879.20,Partially_Shipped
838,SO-20250425115813-372,FPC_DL_PI35,7286,5.75,41894.50,Partially_Shipped
822,SO-20250422114003-129,FPC_DL_PI35,371,5.75,2133.25,Partially_Shipped
870,SO-20250502080046-223,ASSY01_FPC_SL_PI18,369,7.80,2878.20,Partially_Shipped
866,SO-20250501100848-183,ASSY01_FPC_SL_PI18,396,7.80,3088.80,Partially_Shipped
851,SO-20250429121512-626,FPC_SL_PI18,5764,2.50,14410.00,Partially_Shipped
860,SO-20250430093506-462,MODULE_SENSOR_A,274,45.00,12330.00,Partially_Shipped
854,SO-20250429125207-336,ASSY01_FPC_SL_PI18,458,7.80,3572.40,Partially_Shipped
833,SO-20250424114456-800,ASSY02_FPC_ML4_MPI12,452,25.50,11526.00,Partially_Shipped
867,SO-20250502150317-950,FPC_SL_PI18,8967,2.50,22417.50,Partially_Shipped
880,SO-20250503094622-831,FPC_ML4_MPI12,496,15.20,7539.20,Partially_Shipped
835,SO-20250425092416-576,FPC_SL_LCP9_HF,248,8.90,2207.20,Partially_Shipped
848,SO-20250427155706-967,ASSY01_FPC_SL_PI18,297,7.80,2316.60,Partially_Shipped
839,SO-20250425115813-372,MODULE_SENSOR_A,5833,45.00,262485.00,Partially_Shipped
832,SO-20250424114456-800,ASSY01_FPC_SL_PI18,398,7.80,3104.40,Partially_Shipped
831,SO-20250424114456-800,FPC_ML4_MPI12,426,15.20,6475.20,Partially_Shipped
844,SO-20250427122358-131,ASSY01_FPC_SL_PI18,102,7.80,795.60,Partially_Shipped
837,SO-20250425092416-576,ASSY01_FPC_SL_PI18,370,7.80,2886.00,Partially_Shipped
836,SO-20250425092416-576,ASSY01_FPC_SL_PI18,8653,7.80,67493.40,Partially_Shipped
881,SO-20250503094622-831,FPC_DL_PI35,273,5.75,1569.75,Partially_Shipped
882,SO-20250503094622-831,FPC_SL_LCP9_HF,9537,8.90,84879.30,Partially_Shipped
871,SO-20250502083149-522,FPC_DL_PI35,315,5.75,1811.25,Partially_Shipped
886,SO-20250505141012-895,FPC_DL_PI35,86,5.75,494.50,Partially_Shipped
847,SO-20250427155706-967,FPC_ML4_MPI12,7942,15.20,120718.40,Partially_Shipped
887,SO-20250505111102-601,ASSY02_FPC_ML4_MPI12,2350,25.50,59925.00,Partially_Shipped
849,SO-20250428092449-658,ASSY01_FPC_SL_PI18,282,7.80,2199.60,Partially_Shipped
884,SO-20250504084601-872,ASSY01_FPC_SL_PI18,1044,7.80,8143.20,Partially_Shipped
850,SO-20250429110916-226,MODULE_SENSOR_A,1674,45.00,75330.00,Partially_Shipped
906,SO-20250508080005-194,MODULE_SENSOR_A,346,45.00,15570.00,Partially_Shipped
905,SO-20250508080005-194,ASSY02_FPC_ML4_MPI12,286,25.50,7293.00,Partially_Shipped
904,SO-20250508080005-194,FPC_DL_PI35,1257,5.75,7227.75,Partially_Shipped
898,SO-20250507161751-632,FPC_SL_LCP9_HF,487,8.90,4334.30,Partially_Shipped
942,SO-20250517080908-952,FPC_ML4_MPI12,411,15.20,6247.20,Partially_Shipped
944,SO-20250517080908-952,FPC_DL_PI35,454,5.75,2610.50,Partially_Shipped
876,SO-20250503104148-644,FPC_SL_LCP9_HF,252,8.90,2242.80,Partially_Shipped
915,SO-20250511080656-213,FPC_SL_PI18,5867,2.50,14667.50,Partially_Shipped
917,SO-20250511080656-213,FPC_DL_PI35,150,5.75,862.50,Partially_Shipped
908,SO-20250509083330-602,ASSY01_FPC_SL_PI18,200,7.80,1560.00,Partially_Shipped
907,SO-20250509101206-159,FPC_SL_PI18,4372,2.50,10930.00,Partially_Shipped
918,SO-20250512095512-170,FPC_DL_PI35,368,5.75,2116.00,Partially_Shipped
922,SO-20250513145108-794,FPC_ML4_MPI12,478,15.20,7265.60,Partially_Shipped
900,SO-20250508134115-813,FPC_SL_PI18,3514,2.50,8785.00,Partially_Shipped
885,SO-20250505141012-895,FPC_ML4_MPI12,286,15.20,4347.20,Partially_Shipped
888,SO-20250505123423-749,ASSY01_FPC_SL_PI18,396,7.80,3088.80,Partially_Shipped
891,SO-20250505121056-623,FPC_ML4_MPI12,9315,15.20,141588.00,Partially_Shipped
912,SO-20250509104606-696,ASSY01_FPC_SL_PI18,252,7.80,1965.60,Partially_Shipped
931,SO-20250516090637-747,MODULE_SENSOR_A,117,45.00,5265.00,Partially_Shipped
892,SO-20250505094713-770,FPC_DL_PI35,224,5.75,1288.00,Partially_Shipped
889,SO-20250505123423-749,ASSY01_FPC_SL_PI18,352,7.80,2745.60,Partially_Shipped
919,SO-20250512090335-943,MODULE_SENSOR_A,159,45.00,7155.00,Partially_Shipped
896,SO-20250507133856-165,FPC_DL_PI35,331,5.75,1903.25,Partially_Shipped
949,SO-20250519101656-476,ASSY02_FPC_ML4_MPI12,7193,25.50,183421.50,Processing
923,SO-20250513144103-959,FPC_ML4_MPI12,131,15.20,1991.20,Partially_Shipped
947,SO-20250518162701-775,FPC_SL_LCP9_HF,330,8.90,2937.00,Partially_Shipped
895,SO-20250507122810-564,FPC_DL_PI35,266,5.75,1529.50,Partially_Shipped
897,SO-20250507161751-632,FPC_SL_PI18,3343,2.50,8357.50,Partially_Shipped
953,SO-20250519145855-719,FPC_SL_PI18,125,2.50,312.50,Partially_Shipped
894,SO-20250506100843-323,FPC_SL_LCP9_HF,4061,8.90,36142.90,Partially_Shipped
901,SO-20250508133501-361,FPC_ML4_MPI12,2604,15.20,39580.80,Partially_Shipped
903,SO-20250508133501-361,FPC_SL_PI18,5704,2.50,14260.00,Partially_Shipped
890,SO-20250505123423-749,FPC_DL_PI35,409,5.75,2351.75,Partially_Shipped
893,SO-20250505094713-770,FPC_ML4_MPI12,174,15.20,2644.80,Partially_Shipped
946,SO-20250518162701-775,FPC_SL_LCP9_HF,382,8.90,3399.80,Processing
925,SO-20250514135156-670,MODULE_SENSOR_A,150,45.00,6750.00,Partially_Shipped
899,SO-20250508134115-813,FPC_SL_PI18,149,2.50,372.50,Partially_Shipped
911,SO-20250509104606-696,FPC_SL_LCP9_HF,201,8.90,1788.90,Partially_Shipped
902,SO-20250508133501-361,FPC_DL_PI35,7683,5.75,44177.25,Partially_Shipped
926,SO-20250514135156-670,FPC_SL_LCP9_HF,297,8.90,2643.30,Partially_Shipped
920,SO-20250512090335-943,ASSY02_FPC_ML4_MPI12,482,25.50,12291.00,Partially_Shipped
937,SO-20250516130921-617,FPC_ML4_MPI12,9923,15.20,150829.60,Partially_Shipped
910,SO-20250509083330-602,FPC_SL_PI18,5552,2.50,13880.00,Partially_Shipped
909,SO-20250509083330-602,FPC_SL_PI18,449,2.50,1122.50,Partially_Shipped
913,SO-20250510101040-476,FPC_SL_LCP9_HF,6176,8.90,54966.40,Partially_Shipped
933,SO-20250516142142-565,ASSY02_FPC_ML4_MPI12,6259,25.50,159604.50,Partially_Shipped
950,SO-20250519101656-476,MODULE_SENSOR_A,4320,45.00,194400.00,Partially_Shipped
940,SO-20250517121631-551,FPC_SL_PI18,115,2.50,287.50,Partially_Shipped
932,SO-20250516142142-565,FPC_SL_PI18,100,2.50,250.00,Partially_Shipped
945,SO-20250518162701-775,FPC_SL_LCP9_HF,6464,8.90,57529.60,Partially_Shipped
924,SO-20250513143924-577,FPC_DL_PI35,3049,5.75,17531.75,Partially_Shipped
954,SO-20250520155358-218,FPC_DL_PI35,4275,5.75,24581.25,Partially_Shipped
928,SO-20250514153849-806,FPC_SL_PI18,4304,2.50,10760.00,Partially_Shipped
939,SO-20250517121631-551,FPC_SL_LCP9_HF,359,8.90,3195.10,Partially_Shipped
943,SO-20250517080908-952,FPC_SL_LCP9_HF,181,8.90,1610.90,Partially_Shipped
914,SO-20250510101040-476,FPC_DL_PI35,7887,5.75,45350.25,Partially_Shipped
916,SO-20250511080656-213,FPC_SL_PI18,2098,2.50,5245.00,Partially_Shipped
921,SO-20250512090335-943,MODULE_SENSOR_A,55,45.00,2475.00,Partially_Shipped
941,SO-20250517121631-551,ASSY01_FPC_SL_PI18,1816,7.80,14164.80,Partially_Shipped
948,SO-20250518091526-633,FPC_SL_LCP9_HF,4443,8.90,39542.70,Processing
927,SO-20250514153849-806,FPC_DL_PI35,414,5.75,2380.50,Partially_Shipped
929,SO-20250515084501-714,MODULE_SENSOR_A,260,45.00,11700.00,Partially_Shipped
936,SO-20250516145841-810,ASSY01_FPC_SL_PI18,79,7.80,616.20,Partially_Shipped
951,SO-20250519101656-476,FPC_SL_LCP9_HF,164,8.90,1459.60,Processing
952,SO-20250519145855-719,FPC_SL_LCP9_HF,453,8.90,4031.70,Partially_Shipped
935,SO-20250516145841-810,FPC_DL_PI35,268,5.75,1541.00,Partially_Shipped
955,SO-20250520141512-993,FPC_SL_PI18,258,2.50,645.00,Processing
938,SO-20250516130921-617,MODULE_SENSOR_A,430,45.00,19350.00,Partially_Shipped
930,SO-20250516090637-747,FPC_SL_PI18,2287,2.50,5717.50,Partially_Shipped
956,SO-20250521165416-141,FPC_SL_LCP9_HF,308,8.90,2741.20,Processing
957,SO-20250521161005-840,FPC_DL_PI35,1887,5.75,10850.25,Processing
958,SO-20250521161005-840,ASSY01_FPC_SL_PI18,446,7.80,3478.80,Processing
959,SO-20250521161005-840,MODULE_SENSOR_A,4491,45.00,202095.00,Processing
960,SO-20250522133104-429,FPC_DL_PI35,5982,5.75,34396.50,Processing
961,SO-20250522133104-429,FPC_DL_PI35,1768,5.75,10166.00,Processing
962,SO-20250522123424-704,ASSY01_FPC_SL_PI18,149,7.80,1162.20,Processing
963,SO-20250522123424-704,FPC_SL_PI18,339,2.50,847.50,Processing
964,SO-20250522123424-704,FPC_ML4_MPI12,2824,15.20,42924.80,Processing
965,SO-20250522133734-998,FPC_ML4_MPI12,441,15.20,6703.20,Processing
966,SO-20250522133734-998,FPC_SL_LCP9_HF,7226,8.90,64311.40,Processing
967,SO-20250522104559-153,ASSY01_FPC_SL_PI18,415,7.80,3237.00,Processing
968,SO-20250522104559-153,MODULE_SENSOR_A,373,45.00,16785.00,Processing
934,SO-20250516142142-565,MODULE_SENSOR_A,415,45.00,18675.00,Partially_Shipped
